employee_name,user_id,Domain,Email,Role
Burton M Stephenson,BMS0001,ACME.com,Burton.M.Stephenson@ACME.com,Security
Keelie M Goodwin,KMG0002,ACME.com,Keelie.M.Goodwin@ACME.com,Engineer
Dara O Craig,DOC0003,ACME.com,Dara.O.Craig@ACME.com,VP
Blossom T Hale,BTH0004,ACME.com,Blossom.T.Hale@ACME.com,Technician
Yeo C Bennett,YCB0005,ACME.com,Yeo.C.Bennett@ACME.com,Engineer
Tucker H Sims,THS0006,ACME.com,Tucker.H.Sims@ACME.com,Senior Manger
Adam X Battle,AXB0007,ACME.com,Adam.X.Battle@ACME.com,Engineer
Stephanie L Glover,SLG0008,ACME.com,Stephanie.L.Glover@ACME.com,Technician
Brian G Wells,BGW0009,ACME.com,Brian.G.Wells@ACME.com,Project Manager
Sophia D Rojas,SDR0010,ACME.com,Sophia.D.Rojas@ACME.com,Technician
Lamar C Giles,LCG0011,ACME.com,Lamar.C.Giles@ACME.com,Technician
Alvin N Cruz,ANC0012,ACME.com,Alvin.N.Cruz@ACME.com,Foreman
Brock C Barber,BCB0013,ACME.com,Brock.C.Barber@ACME.com,Administrative Assistant
Vance F Tillman,VFT0014,ACME.com,Vance.F.Tillman@ACME.com,Administrative Staff
Cole A Roman,CAR0015,ACME.com,Cole.A.Roman@ACME.com,Foreman
Arden J Burris,AJB0016,ACME.com,Arden.J.Burris@ACME.com,Administrative Assistant
Thomas L Bush,TLB0017,ACME.com,Thomas.L.Bush@ACME.com,Administrative Staff
Nathan K Mcclure,NKM0018,ACME.com,Nathan.K.Mcclure@ACME.com,Security
Rylee L Carpenter,RLC0019,ACME.com,Rylee.L.Carpenter@ACME.com,Technician
Jane S Eaton,JSE0020,ACME.com,Jane.S.Eaton@ACME.com,Tradesman
Kristen R Cantrell,KRC0021,ACME.com,Kristen.R.Cantrell@ACME.com,Janitor
Alika F Oneil,AFO0022,ACME.com,Alika.F.Oneil@ACME.com,Technician
Adena S Owen,ASO0023,ACME.com,Adena.S.Owen@ACME.com,Administrative Staff
Ria I Galloway,RIG0024,ACME.com,Ria.I.Galloway@ACME.com,Technician
Sophia H Riddle,SHR0025,ACME.com,Sophia.H.Riddle@ACME.com,Of Council
Ahmed R Koch,ARK0026,ACME.com,Ahmed.R.Koch@ACME.com,Technician
Lacey V Cain,LVC0027,ACME.com,Lacey.V.Cain@ACME.com,Tradesman
Christen M Underwood,CMU0028,ACME.com,Christen.M.Underwood@ACME.com,Technician
Emma C Decker,ECD0029,ACME.com,Emma.C.Decker@ACME.com,Loading Dock
Aimee Z Christian,AZC0030,ACME.com,Aimee.Z.Christian@ACME.com,Technician
Emerson E Knowles,EEK0031,ACME.com,Emerson.E.Knowles@ACME.com,Foreman
Stacy D Conrad,SDC0032,ACME.com,Stacy.D.Conrad@ACME.com,Technician
Austin K Alexander,AKA0033,ACME.com,Austin.K.Alexander@ACME.com,Senior Manger
Mechelle I Koch,MIK0034,ACME.com,Mechelle.I.Koch@ACME.com,Administrative Staff
Hayes B Fowler,HBF0035,ACME.com,Hayes.B.Fowler@ACME.com,Security
Lamar J Underwood,LJU0036,ACME.com,Lamar.J.Underwood@ACME.com,Foreman
Edward B Pace,EBP0037,ACME.com,Edward.B.Pace@ACME.com,Technician
Brooke D Hood,BDH0038,ACME.com,Brooke.D.Hood@ACME.com,Tradesman
Kendall K Travis,KKT0039,ACME.com,Kendall.K.Travis@ACME.com,Technician
Ivan H Figueroa,IHF0040,ACME.com,Ivan.H.Figueroa@ACME.com,Administrative Staff
Gary H Campbell,GHC0041,ACME.com,Gary.H.Campbell@ACME.com,Administrative Assistant
Levi G Armstrong,LGA0042,ACME.com,Levi.G.Armstrong@ACME.com,Administrative Staff
Kibo E Smith,KES0043,ACME.com,Kibo.E.Smith@ACME.com,Administrative Staff
Sawyer B Berg,SBB0044,ACME.com,Sawyer.B.Berg@ACME.com,Technician
Yeo V Foster,YVF0045,ACME.com,Yeo.V.Foster@ACME.com,Janitor
Britanni G Vargas,BGV0046,ACME.com,Britanni.G.Vargas@ACME.com,Technician
Sawyer S Cooke,SSC0047,ACME.com,Sawyer.S.Cooke@ACME.com,Foreman
Magee N Dale,MND0048,ACME.com,Magee.N.Dale@ACME.com,Administrative Assistant
Amena S Velez,ASV0049,ACME.com,Amena.S.Velez@ACME.com,Administrative Staff
Akeem R Beach,ARB0050,ACME.com,Akeem.R.Beach@ACME.com,Security
Vaughan M Alford,VMA0051,ACME.com,Vaughan.M.Alford@ACME.com,Engineer
Xerxes G Bruce,XGB0052,ACME.com,Xerxes.G.Bruce@ACME.com,Administrative Staff
Joan L Mccarty,JLM0053,ACME.com,Joan.L.Mccarty@ACME.com,Administrative Staff
Burton G Norman,BGN0054,ACME.com,Burton.G.Norman@ACME.com,Janitor
Keelie E Hayes,KEH0055,ACME.com,Keelie.E.Hayes@ACME.com,Technician
Caleb D Zamora,CDZ0056,ACME.com,Caleb.D.Zamora@ACME.com,Administrative Assistant
Holly J Keller,HJK0057,ACME.com,Holly.J.Keller@ACME.com,Technician
Cooper R May,CRM0058,ACME.com,Cooper.R.May@ACME.com,Administrative Assistant
Kai A Daugherty,KAD0059,ACME.com,Kai.A.Daugherty@ACME.com,Technician
Erich M Lyons,EML0060,ACME.com,Erich.M.Lyons@ACME.com,Administrative Staff
Amal C Meyers,ACM0061,ACME.com,Amal.C.Meyers@ACME.com,Administrative Assistant
Jane G Barton,JGB0062,ACME.com,Jane.G.Barton@ACME.com,Of Council
Driscoll F Zimmerman,DFZ0063,ACME.com,Driscoll.F.Zimmerman@ACME.com,Engineer
William D Whitaker,WDW0064,ACME.com,William.D.Whitaker@ACME.com,Administrative Assistant
Ray B Yang,RBY0065,ACME.com,Ray.B.Yang@ACME.com,Janitor
Sean T Cantrell,STC0066,ACME.com,Sean.T.Cantrell@ACME.com,Security
Amal K Holder,AKH0067,ACME.com,Amal.K.Holder@ACME.com,Administrative Assistant
Tanya R Porter,TRP0068,ACME.com,Tanya.R.Porter@ACME.com,Administrative Staff
Prescott X Benton,PXB0069,ACME.com,Prescott.X.Benton@ACME.com,Administrative Staff
Vivian D Pierce,VDP0070,ACME.com,Vivian.D.Pierce@ACME.com,Security
Cameran S Atkinson,CSA0071,ACME.com,Cameran.S.Atkinson@ACME.com,Engineer
Baxter N Nieves,BNN0072,ACME.com,Baxter.N.Nieves@ACME.com,Administrative Assistant
Kerry I Nixon,KIN0073,ACME.com,Kerry.I.Nixon@ACME.com,Technician
Cairo R Figueroa,CRF0074,ACME.com,Cairo.R.Figueroa@ACME.com,Foreman
Clayton B Brewer,CBB0075,ACME.com,Clayton.B.Brewer@ACME.com,Senior Manger
Justina W Williams,JWW0076,ACME.com,Justina.W.Williams@ACME.com,Administrative Staff
Garrison E Church,GEC0077,ACME.com,Garrison.E.Church@ACME.com,Engineer
Malachi S Puckett,MSP0078,ACME.com,Malachi.S.Puckett@ACME.com,Engineer
Bell L Buchanan,BLB0079,ACME.com,Bell.L.Buchanan@ACME.com,Administrative Staff
Echo S Battle,ESB0080,ACME.com,Echo.S.Battle@ACME.com,Technician
Jonas F Anderson,JFA0081,ACME.com,Jonas.F.Anderson@ACME.com,Foreman
Cruz T Henson,CTH0082,ACME.com,Cruz.T.Henson@ACME.com,Administrative Staff
Joelle D Moreno,JDM0083,ACME.com,Joelle.D.Moreno@ACME.com,Technician
Micah T Solis,MTS0084,ACME.com,Micah.T.Solis@ACME.com,Security
Shana S Herman,SSH0085,ACME.com,Shana.S.Herman@ACME.com,Tradesman
Shaeleigh M Lucas,SML0086,ACME.com,Shaeleigh.M.Lucas@ACME.com,Administrative Staff
Ayanna L Sullivan,ALS0087,ACME.com,Ayanna.L.Sullivan@ACME.com,Technician
April G Ferguson,AGF0088,ACME.com,April.G.Ferguson@ACME.com,Administrative Staff
Leslie I Burks,LIB0089,ACME.com,Leslie.I.Burks@ACME.com,Janitor
Maya C Mack,MCM0090,ACME.com,Maya.C.Mack@ACME.com,Technician
Aubrey G Barrett,AGB0091,ACME.com,Aubrey.G.Barrett@ACME.com,Foreman
Patrick K Morrow,PKM0092,ACME.com,Patrick.K.Morrow@ACME.com,Engineer
Nicholas R Mullen,NRM0093,ACME.com,Nicholas.R.Mullen@ACME.com,Janitor
Nolan J Wolf,NJW0094,ACME.com,Nolan.J.Wolf@ACME.com,Security
Lucy B Bell,LBB0095,ACME.com,Lucy.B.Bell@ACME.com,Administrative Staff
Priscilla I Dominguez,PID0096,ACME.com,Priscilla.I.Dominguez@ACME.com,Technician
Paki C Snow,PCS0097,ACME.com,Paki.C.Snow@ACME.com,Engineer
Brett L Spencer,BLS0098,ACME.com,Brett.L.Spencer@ACME.com,Project Manager
Lars P Gillespie,LPG0099,ACME.com,Lars.P.Gillespie@ACME.com,Security
Alexander R Blackburn,ARB0100,ACME.com,Alexander.R.Blackburn@ACME.com,Administrative Staff
Aspen M Holcomb,AMH0101,ACME.com,Aspen.M.Holcomb@ACME.com,Tradesman
Teagan P Camacho,TPC0102,ACME.com,Teagan.P.Camacho@ACME.com,Administrative Staff
Adam H Velez,AHV0103,ACME.com,Adam.H.Velez@ACME.com,Security
Carl B Rodriguez,CBR0104,ACME.com,Carl.B.Rodriguez@ACME.com,Foreman
Germaine M Lyons,GML0105,ACME.com,Germaine.M.Lyons@ACME.com,Technician
Ulysses C Miles,UCM0106,ACME.com,Ulysses.C.Miles@ACME.com,Technician
Kirk C Nielsen,KCN0107,ACME.com,Kirk.C.Nielsen@ACME.com,Administrative Assistant
Shad B Klein,SBK0108,ACME.com,Shad.B.Klein@ACME.com,Administrative Assistant
Barclay C Villarreal,BCV0109,ACME.com,Barclay.C.Villarreal@ACME.com,Loading Dock
Catherine D Salas,CDS0110,ACME.com,Catherine.D.Salas@ACME.com,Technician
Mason Z Waller,MZW0111,ACME.com,Mason.Z.Waller@ACME.com,Security
Dale S Shepherd,DSS0112,ACME.com,Dale.S.Shepherd@ACME.com,Foreman
Quin A Morton,QAM0113,ACME.com,Quin.A.Morton@ACME.com,Administrative Staff
Eden F Stout,EFS0114,ACME.com,Eden.F.Stout@ACME.com,Janitor
Florence C Guerra,FCG0115,ACME.com,Florence.C.Guerra@ACME.com,Administrative Staff
Brendan K Morgan,BKM0116,ACME.com,Brendan.K.Morgan@ACME.com,Engineer
Raymond D Hansen,RDH0117,ACME.com,Raymond.D.Hansen@ACME.com,Administrative Staff
Stephanie G Cannon,SGC0118,ACME.com,Stephanie.G.Cannon@ACME.com,Administrative Staff
Finn G Mcclure,FGM0119,ACME.com,Finn.G.Mcclure@ACME.com,Project Manager
Benjamin Z Hubbard,BZH0120,ACME.com,Benjamin.Z.Hubbard@ACME.com,Engineer
Carlos O Shannon,COS0121,ACME.com,Carlos.O.Shannon@ACME.com,Project Manager
Angelica F Greer,AFG0122,ACME.com,Angelica.F.Greer@ACME.com,Administrative Staff
Daquan A Waller,DAW0123,ACME.com,Daquan.A.Waller@ACME.com,Foreman
Phelan V Heath,PVH0124,ACME.com,Phelan.V.Heath@ACME.com,Foreman
Constance G Hobbs,CGH0125,ACME.com,Constance.G.Hobbs@ACME.com,Administrative Staff
Darrel R Oconnor,DRO0126,ACME.com,Darrel.R.Oconnor@ACME.com,Administrative Staff
Victor N Morrow,VNM0127,ACME.com,Victor.N.Morrow@ACME.com,Engineer
Dante W Fernandez,DWF0128,ACME.com,Dante.W.Fernandez@ACME.com,Of Council
Yuli J Johnson,YJJ0129,ACME.com,Yuli.J.Johnson@ACME.com,Project Manager
Tatiana S Miranda,TSM0130,ACME.com,Tatiana.S.Miranda@ACME.com,Technician
Ishmael T Craig,ITC0131,ACME.com,Ishmael.T.Craig@ACME.com,Senior Manger
Ariel S Cardenas,ASC0132,ACME.com,Ariel.S.Cardenas@ACME.com,Tradesman
Chantale V Williams,CVW0133,ACME.com,Chantale.V.Williams@ACME.com,Engineer
Ebony E Bird,EEB0134,ACME.com,Ebony.E.Bird@ACME.com,Administrative Staff
Mona Q Lynch,MQL0135,ACME.com,Mona.Q.Lynch@ACME.com,Administrative Staff
Melodie P Avery,MPA0136,ACME.com,Melodie.P.Avery@ACME.com,Technician
Elizabeth D West,EDW0137,ACME.com,Elizabeth.D.West@ACME.com,Technician
Fatima J Clarke,FJC0138,ACME.com,Fatima.J.Clarke@ACME.com,Administrative Staff
Scarlet M Calhoun,SMC0139,ACME.com,Scarlet.M.Calhoun@ACME.com,Technician
Jessamine C Carlson,JCC0140,ACME.com,Jessamine.C.Carlson@ACME.com,Engineer
Lionel P Byrd,LPB0141,ACME.com,Lionel.P.Byrd@ACME.com,Administrative Assistant
Ulla M Koch,UMK0142,ACME.com,Ulla.M.Koch@ACME.com,Administrative Staff
Deborah N Morse,DNM0143,ACME.com,Deborah.N.Morse@ACME.com,Engineer
Stacey S Hansen,SSH0144,ACME.com,Stacey.S.Hansen@ACME.com,Technician
Shelby T Fry,STF0145,ACME.com,Shelby.T.Fry@ACME.com,Tradesman
Emmanuel D Harper,EDH0146,ACME.com,Emmanuel.D.Harper@ACME.com,Loading Dock
Adara H Delgado,AHD0147,ACME.com,Adara.H.Delgado@ACME.com,Tradesman
Hannah W Golden,HWG0148,ACME.com,Hannah.W.Golden@ACME.com,VP
Bell Q Weaver,BQW0149,ACME.com,Bell.Q.Weaver@ACME.com,Engineer
Lance T Butler,LTB0150,ACME.com,Lance.T.Butler@ACME.com,Security
Sopoline S Bartlett,SSB0151,ACME.com,Sopoline.S.Bartlett@ACME.com,Administrative Staff
Ima A Glenn,IAG0152,ACME.com,Ima.A.Glenn@ACME.com,Administrative Staff
Wyoming J Gill,WJG0153,ACME.com,Wyoming.J.Gill@ACME.com,Technician
Farrah U Aguilar,FUA0154,ACME.com,Farrah.U.Aguilar@ACME.com,Administrative Staff
August L Lancaster,ALL0155,ACME.com,August.L.Lancaster@ACME.com,Engineer
Burke K Head,BKH0156,ACME.com,Burke.K.Head@ACME.com,Senior Manger
Priscilla R Barnes,PRB0157,ACME.com,Priscilla.R.Barnes@ACME.com,Tradesman
Kaitlin P Collier,KPC0158,ACME.com,Kaitlin.P.Collier@ACME.com,Senior Manger
Jeanette Z Vargas,JZV0159,ACME.com,Jeanette.Z.Vargas@ACME.com,Administrative Staff
Orlando K Greer,OKG0160,ACME.com,Orlando.K.Greer@ACME.com,Senior Manger
Nash A Clemons,NAC0161,ACME.com,Nash.A.Clemons@ACME.com,Administrative Assistant
Daryl J Conner,DJC0162,ACME.com,Daryl.J.Conner@ACME.com,Technician
Cain Z Ballard,CZB0163,ACME.com,Cain.Z.Ballard@ACME.com,Security
Quail Z Daniel,QZD0164,ACME.com,Quail.Z.Daniel@ACME.com,Tradesman
Ursula A Drake,UAD0165,ACME.com,Ursula.A.Drake@ACME.com,Administrative Staff
Miriam B Reid,MBR0166,ACME.com,Miriam.B.Reid@ACME.com,Administrative Staff
Shannon A Owen,SAO0167,ACME.com,Shannon.A.Owen@ACME.com,Tradesman
Veda A Pollard,VAP0168,ACME.com,Veda.A.Pollard@ACME.com,Tradesman
Wendy L Ball,WLB0169,ACME.com,Wendy.L.Ball@ACME.com,Tradesman
Lara A Langley,LAL0170,ACME.com,Lara.A.Langley@ACME.com,Tradesman
Hyatt C Jones,HCJ0171,ACME.com,Hyatt.C.Jones@ACME.com,Technician
Axel N Stout,ANS0172,ACME.com,Axel.N.Stout@ACME.com,Engineer
Albert K Pruitt,AKP0173,ACME.com,Albert.K.Pruitt@ACME.com,Security
Christen H Atkins,CHA0174,ACME.com,Christen.H.Atkins@ACME.com,Administrative Staff
Silas V Cook,SVC0175,ACME.com,Silas.V.Cook@ACME.com,Engineer
Imani R Holmes,IRH0176,ACME.com,Imani.R.Holmes@ACME.com,Tradesman
Octavius N Ballard,ONB0177,ACME.com,Octavius.N.Ballard@ACME.com,Foreman
Uriah L Browning,ULB0178,ACME.com,Uriah.L.Browning@ACME.com,VP
Aladdin B Garner,ABG0179,ACME.com,Aladdin.B.Garner@ACME.com,Technician
Juliet S Warner,JSW0180,ACME.com,Juliet.S.Warner@ACME.com,Administrative Staff
Leroy K York,LKY0181,ACME.com,Leroy.K.York@ACME.com,Engineer
Aidan G Wallace,AGW0182,ACME.com,Aidan.G.Wallace@ACME.com,Administrative Assistant
Cole G Thomas,CGT0183,ACME.com,Cole.G.Thomas@ACME.com,Engineer
Germaine D Good,GDG0184,ACME.com,Germaine.D.Good@ACME.com,Technician
Elaine C Beck,ECB0185,ACME.com,Elaine.C.Beck@ACME.com,Technician
Unity B Bryant,UBB0186,ACME.com,Unity.B.Bryant@ACME.com,Tradesman
Juliet I Pearson,JIP0187,ACME.com,Juliet.I.Pearson@ACME.com,Technician
Kieran B Porter,KBP0188,ACME.com,Kieran.B.Porter@ACME.com,Administrative Assistant
Colton S Rodriguez,CSR0189,ACME.com,Colton.S.Rodriguez@ACME.com,Foreman
Ronan K Chen,RKC0190,ACME.com,Ronan.K.Chen@ACME.com,Engineer
Alfonso M Atkinson,AMA0191,ACME.com,Alfonso.M.Atkinson@ACME.com,Security
Shea A Hodge,SAH0192,ACME.com,Shea.A.Hodge@ACME.com,Engineer
Chadwick D Evans,CDE0193,ACME.com,Chadwick.D.Evans@ACME.com,Foreman
Patience I Golden,PIG0194,ACME.com,Patience.I.Golden@ACME.com,Tradesman
Tate I Wooten,TIW0195,ACME.com,Tate.I.Wooten@ACME.com,Administrative Assistant
Eden M Zimmerman,EMZ0196,ACME.com,Eden.M.Zimmerman@ACME.com,Tradesman
Fleur M Fox,FMF0197,ACME.com,Fleur.M.Fox@ACME.com,Tradesman
Whoopi D Wilkinson,WDW0198,ACME.com,Whoopi.D.Wilkinson@ACME.com,Administrative Staff
Destiny A Wilder,DAW0199,ACME.com,Destiny.A.Wilder@ACME.com,Technician
Joseph M Poole,JMP0200,ACME.com,Joseph.M.Poole@ACME.com,Administrative Assistant
Amena L Navarro,ALN0201,ACME.com,Amena.L.Navarro@ACME.com,Administrative Staff
Camden G Roberts,CGR0202,ACME.com,Camden.G.Roberts@ACME.com,Administrative Assistant
Adrian J Cochran,AJC0203,ACME.com,Adrian.J.Cochran@ACME.com,Senior Manger
Robert X Mckenzie,RXM0204,ACME.com,Robert.X.Mckenzie@ACME.com,Security
Mary R Molina,MRM0205,ACME.com,Mary.R.Molina@ACME.com,Technician
Meredith Z Benson,MZB0206,ACME.com,Meredith.Z.Benson@ACME.com,Technician
Ria X Ellison,RXE0207,ACME.com,Ria.X.Ellison@ACME.com,Tradesman
Connor B Robles,CBR0208,ACME.com,Connor.B.Robles@ACME.com,Foreman
Perry M Leonard,PML0209,ACME.com,Perry.M.Leonard@ACME.com,VP
Rashad W Daniels,RWD0210,ACME.com,Rashad.W.Daniels@ACME.com,Security
Tyler K Hutchinson,TKH0211,ACME.com,Tyler.K.Hutchinson@ACME.com,Engineer
Morgan J Kramer,MJK0212,ACME.com,Morgan.J.Kramer@ACME.com,Tradesman
Dale X Meyer,DXM0213,ACME.com,Dale.X.Meyer@ACME.com,Security
Erich C Maynard,ECM0214,ACME.com,Erich.C.Maynard@ACME.com,Technician
Olivia H Woodard,OHW0215,ACME.com,Olivia.H.Woodard@ACME.com,Technician
Taylor F Shannon,TFS0216,ACME.com,Taylor.F.Shannon@ACME.com,Technician
Stone B Melton,SBM0217,ACME.com,Stone.B.Melton@ACME.com,Senior Manger
Tana C Richards,TCR0218,ACME.com,Tana.C.Richards@ACME.com,Administrative Staff
Alec D Roy,ADR0219,ACME.com,Alec.D.Roy@ACME.com,Security
Aurora J Avila,AJA0220,ACME.com,Aurora.J.Avila@ACME.com,Engineer
Driscoll A Watson,DAW0221,ACME.com,Driscoll.A.Watson@ACME.com,Project Manager
Quinn G Mayer,QGM0222,ACME.com,Quinn.G.Mayer@ACME.com,Janitor
Uriel G Warren,UGW0223,ACME.com,Uriel.G.Warren@ACME.com,Engineer
Hoyt O Olsen,HOO0224,ACME.com,Hoyt.O.Olsen@ACME.com,Technician
Kathleen F Finley,KFF0225,ACME.com,Kathleen.F.Finley@ACME.com,Technician
Montana S Mccullough,MSM0226,ACME.com,Montana.S.Mccullough@ACME.com,Administrative Staff
Xavier H Nash,XHN0227,ACME.com,Xavier.H.Nash@ACME.com,Technician
Moses J Miller,MJM0228,ACME.com,Moses.J.Miller@ACME.com,Foreman
Raymond B Bass,RBB0229,ACME.com,Raymond.B.Bass@ACME.com,Engineer
Tatyana C Hewitt,TCH0230,ACME.com,Tatyana.C.Hewitt@ACME.com,Technician
Vera F Sharp,VFS0231,ACME.com,Vera.F.Sharp@ACME.com,Technician
Lucy Q Aguirre,LQA0232,ACME.com,Lucy.Q.Aguirre@ACME.com,Tradesman
Jonathan M Castillo,JMC0233,ACME.com,Jonathan.M.Castillo@ACME.com,Engineer
Mark K Nixon,MKN0234,ACME.com,Mark.K.Nixon@ACME.com,Foreman
Drake B Booth,DBB0235,ACME.com,Drake.B.Booth@ACME.com,Foreman
Bradley G Frost,BGF0236,ACME.com,Bradley.G.Frost@ACME.com,Tradesman
Rogan E Riggs,RER0237,ACME.com,Rogan.E.Riggs@ACME.com,Project Manager
Morgan L Crawford,MLC0238,ACME.com,Morgan.L.Crawford@ACME.com,Technician
Maia T Madden,MTM0239,ACME.com,Maia.T.Madden@ACME.com,Engineer
Dalton G Mejia,DGM0240,ACME.com,Dalton.G.Mejia@ACME.com,Director
Jason H Nielsen,JHN0241,ACME.com,Jason.H.Nielsen@ACME.com,Senior Manger
Emily M Rollins,EMR0242,ACME.com,Emily.M.Rollins@ACME.com,Tradesman
Glenna T Jenkins,GTJ0243,ACME.com,Glenna.T.Jenkins@ACME.com,Tradesman
Alana L Cruz,ALC0244,ACME.com,Alana.L.Cruz@ACME.com,Tradesman
Rashad R Fitzgerald,RRF0245,ACME.com,Rashad.R.Fitzgerald@ACME.com,Foreman
Nichole C Wall,NCW0246,ACME.com,Nichole.C.Wall@ACME.com,Senior Manger
Brianna M Marshall,BMM0247,ACME.com,Brianna.M.Marshall@ACME.com,Engineer
Ginger Y Bernard,GYB0248,ACME.com,Ginger.Y.Bernard@ACME.com,Tradesman
Thor Q Castaneda,TQC0249,ACME.com,Thor.Q.Castaneda@ACME.com,Foreman
Alma L Weber,ALW0250,ACME.com,Alma.L.Weber@ACME.com,Administrative Staff
Noel M Cook,NMC0251,ACME.com,Noel.M.Cook@ACME.com,Tradesman
Nicole A Tran,NAT0252,ACME.com,Nicole.A.Tran@ACME.com,Technician
Nina H Larsen,NHL0253,ACME.com,Nina.H.Larsen@ACME.com,Administrative Staff
Elaine R Potts,ERP0254,ACME.com,Elaine.R.Potts@ACME.com,Tradesman
Robin K Duffy,RKD0255,ACME.com,Robin.K.Duffy@ACME.com,Administrative Staff
Omar T Strickland,OTS0256,ACME.com,Omar.T.Strickland@ACME.com,Security
Renee O Curtis,ROC0257,ACME.com,Renee.O.Curtis@ACME.com,Tradesman
Hadassah C Carroll,HCC0258,ACME.com,Hadassah.C.Carroll@ACME.com,Administrative Staff
Isadora H Delacruz,IHD0259,ACME.com,Isadora.H.Delacruz@ACME.com,Administrative Staff
Hope K Mueller,HKM0260,ACME.com,Hope.K.Mueller@ACME.com,Technician
Hanae D Rivas,HDR0261,ACME.com,Hanae.D.Rivas@ACME.com,Technician
Vernon A Humphrey,VAH0262,ACME.com,Vernon.A.Humphrey@ACME.com,VP
Salvador K Barnett,SKB0263,ACME.com,Salvador.K.Barnett@ACME.com,Administrative Assistant
Imelda A Church,IAC0264,ACME.com,Imelda.A.Church@ACME.com,Tradesman
Howard T Sykes,HTS0265,ACME.com,Howard.T.Sykes@ACME.com,Administrative Staff
Alana J Curry,AJC0266,ACME.com,Alana.J.Curry@ACME.com,Tradesman
Nora J Dunn,NJD0267,ACME.com,Nora.J.Dunn@ACME.com,Director
Yen S Hess,YSH0268,ACME.com,Yen.S.Hess@ACME.com,Technician
Ashely R Fox,ARF0269,ACME.com,Ashely.R.Fox@ACME.com,Technician
Stephanie K Patel,SKP0270,ACME.com,Stephanie.K.Patel@ACME.com,Engineer
Mara X Middleton,MXM0271,ACME.com,Mara.X.Middleton@ACME.com,Technician
Arsenio B Baldwin,ABB0272,ACME.com,Arsenio.B.Baldwin@ACME.com,Loading Dock
Michael K Glover,MKG0273,ACME.com,Michael.K.Glover@ACME.com,Security
Jesse G Sims,JGS0274,ACME.com,Jesse.G.Sims@ACME.com,Foreman
Sacha R Nolan,SRN0275,ACME.com,Sacha.R.Nolan@ACME.com,Technician
Nicolas R Hammond,NRH0276,ACME.com,Nicolas.R.Hammond@ACME.com,Engineer
Garrison V Hart,GVH0277,ACME.com,Garrison.V.Hart@ACME.com,Janitor
Jeremy J Ramos,JJR0278,ACME.com,Jeremy.J.Ramos@ACME.com,Engineer
Germane Y Todd,GYT0279,ACME.com,Germane.Y.Todd@ACME.com,Technician
Ignatius M Dyer,IMD0280,ACME.com,Ignatius.M.Dyer@ACME.com,Administrative Assistant
Orli S Hebert,OSH0281,ACME.com,Orli.S.Hebert@ACME.com,Engineer
Randall A Campbell,RAC0282,ACME.com,Randall.A.Campbell@ACME.com,Foreman
Ali K Short,AKS0283,ACME.com,Ali.K.Short@ACME.com,Security
Adria T Jacobs,ATJ0284,ACME.com,Adria.T.Jacobs@ACME.com,Tradesman
Kessie T Chambers,KTC0285,ACME.com,Kessie.T.Chambers@ACME.com,Technician
Ria J Potter,RJP0286,ACME.com,Ria.J.Potter@ACME.com,Engineer
Elmo B Summers,EBS0287,ACME.com,Elmo.B.Summers@ACME.com,Administrative Staff
Leilani G Vaughn,LGV0288,ACME.com,Leilani.G.Vaughn@ACME.com,Technician
Maite M Fuentes,MMF0289,ACME.com,Maite.M.Fuentes@ACME.com,Of Council
Mercedes A Gross,MAG0290,ACME.com,Mercedes.A.Gross@ACME.com,Engineer
Otto A Rosales,OAR0291,ACME.com,Otto.A.Rosales@ACME.com,Technician
Quinn G Farmer,QGF0292,ACME.com,Quinn.G.Farmer@ACME.com,Tradesman
Ezra N Beasley,ENB0293,ACME.com,Ezra.N.Beasley@ACME.com,Technician
Evelyn G Graves,EGG0294,ACME.com,Evelyn.G.Graves@ACME.com,Technician
Frances T Branch,FTB0295,ACME.com,Frances.T.Branch@ACME.com,Administrative Staff
Cara K Rutledge,CKR0296,ACME.com,Cara.K.Rutledge@ACME.com,Engineer
Clinton S Cash,CSC0297,ACME.com,Clinton.S.Cash@ACME.com,Senior Manger
Tamekah U Anderson,TUA0298,ACME.com,Tamekah.U.Anderson@ACME.com,Tradesman
Kane P Strong,KPS0299,ACME.com,Kane.P.Strong@ACME.com,Technician
Celeste D Sexton,CDS0300,ACME.com,Celeste.D.Sexton@ACME.com,Technician
Jonah L Lancaster,JLL0301,ACME.com,Jonah.L.Lancaster@ACME.com,Engineer
Aurora J Morris,AJM0302,ACME.com,Aurora.J.Morris@ACME.com,Administrative Staff
Barry C Goff,BCG0303,ACME.com,Barry.C.Goff@ACME.com,Foreman
Sandra A Powell,SAP0304,ACME.com,Sandra.A.Powell@ACME.com,Technician
Chancellor W Gilliam,CWG0305,ACME.com,Chancellor.W.Gilliam@ACME.com,Foreman
Nevada E Thompson,NET0306,ACME.com,Nevada.E.Thompson@ACME.com,Loading Dock
Dana C Fleming,DCF0307,ACME.com,Dana.C.Fleming@ACME.com,Administrative Staff
Steven F Snow,SFS0308,ACME.com,Steven.F.Snow@ACME.com,Administrative Staff
Victoria M Moreno,VMM0309,ACME.com,Victoria.M.Moreno@ACME.com,Technician
Isaiah G Barron,IGB0310,ACME.com,Isaiah.G.Barron@ACME.com,Engineer
Brianna J Michael,BJM0311,ACME.com,Brianna.J.Michael@ACME.com,Engineer
David R Maxwell,DRM0312,ACME.com,David.R.Maxwell@ACME.com,Administrative Assistant
Bruce B Howell,BBH0313,ACME.com,Bruce.B.Howell@ACME.com,Technician
Merrill C Rivers,MCR0314,ACME.com,Merrill.C.Rivers@ACME.com,Foreman
Hermione C Palmer,HCP0315,ACME.com,Hermione.C.Palmer@ACME.com,Tradesman
Lars L Kelly,LLK0316,ACME.com,Lars.L.Kelly@ACME.com,Engineer
Channing J Whitley,CJW0317,ACME.com,Channing.J.Whitley@ACME.com,VP
Leroy D Mcmillan,LDM0318,ACME.com,Leroy.D.Mcmillan@ACME.com,Senior Manger
Ciaran G Melton,CGM0319,ACME.com,Ciaran.G.Melton@ACME.com,Security
Perry J Levy,PJL0320,ACME.com,Perry.J.Levy@ACME.com,Security
Alfreda I Cooley,AIC0321,ACME.com,Alfreda.I.Cooley@ACME.com,Technician
Mona S Hahn,MSH0322,ACME.com,Mona.S.Hahn@ACME.com,Administrative Staff
Leilani M Jones,LMJ0323,ACME.com,Leilani.M.Jones@ACME.com,Administrative Staff
Carly H Sanders,CHS0324,ACME.com,Carly.H.Sanders@ACME.com,Administrative Staff
Lesley R Small,LRS0325,ACME.com,Lesley.R.Small@ACME.com,Administrative Staff
Jennifer S Hancock,JSH0326,ACME.com,Jennifer.S.Hancock@ACME.com,Tradesman
George T Reyes,GTR0327,ACME.com,George.T.Reyes@ACME.com,Administrative Staff
Rhiannon S Joyner,RSJ0328,ACME.com,Rhiannon.S.Joyner@ACME.com,Technician
Caesar D Kane,CDK0329,ACME.com,Caesar.D.Kane@ACME.com,Engineer
Cathleen Y Knox,CYK0330,ACME.com,Cathleen.Y.Knox@ACME.com,Tradesman
Alma F Harvey,AFH0331,ACME.com,Alma.F.Harvey@ACME.com,Tradesman
Callum L Parks,CLP0332,ACME.com,Callum.L.Parks@ACME.com,Administrative Assistant
Steven D Mccray,SDM0333,ACME.com,Steven.D.Mccray@ACME.com,Administrative Staff
Bertha S Miller,BSM0334,ACME.com,Bertha.S.Miller@ACME.com,Engineer
Raymond D Gonzales,RDG0335,ACME.com,Raymond.D.Gonzales@ACME.com,Administrative Staff
Zelenia C Horne,ZCH0336,ACME.com,Zelenia.C.Horne@ACME.com,Administrative Staff
Kamal B Callahan,KBC0337,ACME.com,Kamal.B.Callahan@ACME.com,Engineer
Quinlan V Mccormick,QVM0338,ACME.com,Quinlan.V.Mccormick@ACME.com,Engineer
Cole M Figueroa,CMF0339,ACME.com,Cole.M.Figueroa@ACME.com,Project Manager
Anastasia M Mccarty,AMM0340,ACME.com,Anastasia.M.Mccarty@ACME.com,Tradesman
Demetria A Raymond,DAR0341,ACME.com,Demetria.A.Raymond@ACME.com,Tradesman
Isaiah J Joyner,IJJ0342,ACME.com,Isaiah.J.Joyner@ACME.com,Security
Carter G Martinez,CGM0343,ACME.com,Carter.G.Martinez@ACME.com,Engineer
August A Cotton,AAC0344,ACME.com,August.A.Cotton@ACME.com,Technician
Ray J Pacheco,RJP0345,ACME.com,Ray.J.Pacheco@ACME.com,Technician
Martha C Melendez,MCM0346,ACME.com,Martha.C.Melendez@ACME.com,Administrative Staff
Breanna Y Burton,BYB0347,ACME.com,Breanna.Y.Burton@ACME.com,Tradesman
Tate D Workman,TDW0348,ACME.com,Tate.D.Workman@ACME.com,Janitor
Constance C Allison,CCA0349,ACME.com,Constance.C.Allison@ACME.com,Technician
Rhonda D Gilbert,RDG0350,ACME.com,Rhonda.D.Gilbert@ACME.com,Tradesman
Armand N Walton,ANW0351,ACME.com,Armand.N.Walton@ACME.com,Security
Solomon G Sargent,SGS0352,ACME.com,Solomon.G.Sargent@ACME.com,VP
Brynn N Mcconnell,BNM0353,ACME.com,Brynn.N.Mcconnell@ACME.com,Tradesman
Xander Q Winters,XQW0354,ACME.com,Xander.Q.Winters@ACME.com,Senior Manger
Kasimir V Haynes,KVH0355,ACME.com,Kasimir.V.Haynes@ACME.com,Engineer
Meredith D Trevino,MDT0356,ACME.com,Meredith.D.Trevino@ACME.com,Tradesman
Evelyn D Coleman,EDC0357,ACME.com,Evelyn.D.Coleman@ACME.com,Tradesman
Bevis T Harper,BTH0358,ACME.com,Bevis.T.Harper@ACME.com,Foreman
Lev C Pace,LCP0359,ACME.com,Lev.C.Pace@ACME.com,Administrative Assistant
Suki B Cantrell,SBC0360,ACME.com,Suki.B.Cantrell@ACME.com,Administrative Staff
Quon O Haynes,QOH0361,ACME.com,Quon.O.Haynes@ACME.com,Administrative Staff
Yvette L Oneill,YLO0362,ACME.com,Yvette.L.Oneill@ACME.com,Tradesman
Chelsea S Berg,CSB0363,ACME.com,Chelsea.S.Berg@ACME.com,Administrative Staff
William M Joyner,WMJ0364,ACME.com,William.M.Joyner@ACME.com,Technician
Autumn U Mckinney,AUM0365,ACME.com,Autumn.U.Mckinney@ACME.com,Technician
Casey C Boyd,CCB0366,ACME.com,Casey.C.Boyd@ACME.com,Engineer
Dane B Armstrong,DBA0367,ACME.com,Dane.B.Armstrong@ACME.com,Senior Manger
Deborah J Walker,DJW0368,ACME.com,Deborah.J.Walker@ACME.com,Tradesman
Renee Z Washington,RZW0369,ACME.com,Renee.Z.Washington@ACME.com,Administrative Staff
Armand J Bishop,AJB0370,ACME.com,Armand.J.Bishop@ACME.com,Engineer
Alisa A Allen,AAA0371,ACME.com,Alisa.A.Allen@ACME.com,Administrative Staff
Graham R Salas,GRS0372,ACME.com,Graham.R.Salas@ACME.com,Engineer
James B Ayala,JBA0373,ACME.com,James.B.Ayala@ACME.com,Technician
Boris C Spence,BCS0374,ACME.com,Boris.C.Spence@ACME.com,Engineer
May C Randall,MCR0375,ACME.com,May.C.Randall@ACME.com,Tradesman
Robert T Hobbs,RTH0376,ACME.com,Robert.T.Hobbs@ACME.com,Engineer
Dakota M Robertson,DMR0377,ACME.com,Dakota.M.Robertson@ACME.com,Project Manager
Kevyn J Gould,KJG0378,ACME.com,Kevyn.J.Gould@ACME.com,Tradesman
Blaze A Faulkner,BAF0379,ACME.com,Blaze.A.Faulkner@ACME.com,Engineer
Dakota T Dillon,DTD0380,ACME.com,Dakota.T.Dillon@ACME.com,Administrative Staff
Gregory W Stephens,GWS0381,ACME.com,Gregory.W.Stephens@ACME.com,Engineer
Daryl I Spears,DIS0382,ACME.com,Daryl.I.Spears@ACME.com,Technician
Carter L Kirby,CLK0383,ACME.com,Carter.L.Kirby@ACME.com,Administrative Assistant
Garth J Hodge,GJH0384,ACME.com,Garth.J.Hodge@ACME.com,Foreman
Robert S Grimes,RSG0385,ACME.com,Robert.S.Grimes@ACME.com,Foreman
Basia C Wright,BCW0386,ACME.com,Basia.C.Wright@ACME.com,Technician
Simone S Carson,SSC0387,ACME.com,Simone.S.Carson@ACME.com,Director
Zorita K Hopper,ZKH0388,ACME.com,Zorita.K.Hopper@ACME.com,Technician
Hiram S Mckenzie,HSM0389,ACME.com,Hiram.S.Mckenzie@ACME.com,Administrative Assistant
Jakeem A Case,JAC0390,ACME.com,Jakeem.A.Case@ACME.com,Administrative Assistant
Wilma C Marsh,WCM0391,ACME.com,Wilma.C.Marsh@ACME.com,Administrative Staff
Jolie A Mann,JAM0392,ACME.com,Jolie.A.Mann@ACME.com,Administrative Staff
Judah X Collins,JXC0393,ACME.com,Judah.X.Collins@ACME.com,Engineer
Graiden N Hogan,GNH0394,ACME.com,Graiden.N.Hogan@ACME.com,Janitor
Macaulay R Strickland,MRS0395,ACME.com,Macaulay.R.Strickland@ACME.com,Tradesman
Nehru T Odonnell,NTO0396,ACME.com,Nehru.T.Odonnell@ACME.com,Administrative Assistant
Leonard A Howard,LAH0397,ACME.com,Leonard.A.Howard@ACME.com,Janitor
Kim G Spencer,KGS0398,ACME.com,Kim.G.Spencer@ACME.com,Tradesman
Alden J Chaney,AJC0399,ACME.com,Alden.J.Chaney@ACME.com,Security
April C Rios,ACR0400,ACME.com,April.C.Rios@ACME.com,Administrative Assistant
Erasmus G Maxwell,EGM0401,ACME.com,Erasmus.G.Maxwell@ACME.com,Project Manager
Hunter B Barnett,HBB0402,ACME.com,Hunter.B.Barnett@ACME.com,Technician
Kelsey N Casey,KNC0403,ACME.com,Kelsey.N.Casey@ACME.com,Technician
Jared H Adkins,JHA0404,ACME.com,Jared.H.Adkins@ACME.com,Technician
Amena R George,ARG0405,ACME.com,Amena.R.George@ACME.com,Administrative Staff
Laith D Gomez,LDG0406,ACME.com,Laith.D.Gomez@ACME.com,Engineer
William K Harding,WKH0407,ACME.com,William.K.Harding@ACME.com,Project Manager
Jolie H Mitchell,JHM0408,ACME.com,Jolie.H.Mitchell@ACME.com,Administrative Staff
Daquan K Buckley,DKB0409,ACME.com,Daquan.K.Buckley@ACME.com,Administrative Assistant
Jameson C Todd,JCT0410,ACME.com,Jameson.C.Todd@ACME.com,Senior Manger
Phyllis K Matthews,PKM0411,ACME.com,Phyllis.K.Matthews@ACME.com,Technician
Bradley M Robles,BMR0412,ACME.com,Bradley.M.Robles@ACME.com,Foreman
Pamela D Bailey,PDB0413,ACME.com,Pamela.D.Bailey@ACME.com,Engineer
Todd R Berry,TRB0414,ACME.com,Todd.R.Berry@ACME.com,VP
Isaiah G Castaneda,IGC0415,ACME.com,Isaiah.G.Castaneda@ACME.com,Technician
Ainsley R Mcpherson,ARM0416,ACME.com,Ainsley.R.Mcpherson@ACME.com,Administrative Staff
Drew D Kerr,DDK0417,ACME.com,Drew.D.Kerr@ACME.com,Administrative Staff
Lael T Moses,LTM0418,ACME.com,Lael.T.Moses@ACME.com,Tradesman
Raya O Mcintosh,ROM0419,ACME.com,Raya.O.Mcintosh@ACME.com,Engineer
Gisela B Rosa,GBR0420,ACME.com,Gisela.B.Rosa@ACME.com,Engineer
Hayley N Knapp,HNK0421,ACME.com,Hayley.N.Knapp@ACME.com,Technician
Lara B Chapman,LBC0422,ACME.com,Lara.B.Chapman@ACME.com,Administrative Staff
Venus M Frye,VMF0423,ACME.com,Venus.M.Frye@ACME.com,Administrative Staff
Odessa I Robertson,OIR0424,ACME.com,Odessa.I.Robertson@ACME.com,Administrative Staff
Owen J Hale,OJH0425,ACME.com,Owen.J.Hale@ACME.com,Engineer
Damian W Banks,DWB0426,ACME.com,Damian.W.Banks@ACME.com,Administrative Assistant
Myles C Fuller,MCF0427,ACME.com,Myles.C.Fuller@ACME.com,Director
Denton R Parsons,DRP0428,ACME.com,Denton.R.Parsons@ACME.com,Project Manager
Maile I Humphrey,MIH0429,ACME.com,Maile.I.Humphrey@ACME.com,Engineer
Hillary A Sweeney,HAS0430,ACME.com,Hillary.A.Sweeney@ACME.com,Technician
TaShya S Conner,TSC0431,ACME.com,TaShya.S.Conner@ACME.com,Tradesman
Axel M Davidson,AMD0432,ACME.com,Axel.M.Davidson@ACME.com,Engineer
Stephen A Savage,SAS0433,ACME.com,Stephen.A.Savage@ACME.com,Administrative Staff
Bethany Z Mccormick,BZM0434,ACME.com,Bethany.Z.Mccormick@ACME.com,Tradesman
Xander R Preston,XRP0435,ACME.com,Xander.R.Preston@ACME.com,Technician
Rylee C Wagner,RCW0436,ACME.com,Rylee.C.Wagner@ACME.com,Tradesman
Lars A William,LAW0437,ACME.com,Lars.A.William@ACME.com,Administrative Assistant
Brandon F Osborne,BFO0438,ACME.com,Brandon.F.Osborne@ACME.com,Foreman
Camille B Riddle,CBR0439,ACME.com,Camille.B.Riddle@ACME.com,Administrative Staff
William C Ballard,WCB0440,ACME.com,William.C.Ballard@ACME.com,Director
Price B Hickman,PBH0441,ACME.com,Price.B.Hickman@ACME.com,Administrative Assistant
Ross L Chen,RLC0442,ACME.com,Ross.L.Chen@ACME.com,Foreman
Nola N Burton,NNB0443,ACME.com,Nola.N.Burton@ACME.com,Engineer
Berk A Ellis,BAE0444,ACME.com,Berk.A.Ellis@ACME.com,Janitor
Xerxes C Baker,XCB0445,ACME.com,Xerxes.C.Baker@ACME.com,Engineer
Samuel E Frye,SEF0446,ACME.com,Samuel.E.Frye@ACME.com,Technician
Vivian B Willis,VBW0447,ACME.com,Vivian.B.Willis@ACME.com,Administrative Staff
Nissim J Slater,NJS0448,ACME.com,Nissim.J.Slater@ACME.com,Foreman
Ursa M Best,UMB0449,ACME.com,Ursa.M.Best@ACME.com,Technician
Jameson B Lynn,JBL0450,ACME.com,Jameson.B.Lynn@ACME.com,Administrative Assistant
Orson H Albert,OHA0451,ACME.com,Orson.H.Albert@ACME.com,Engineer
Leo A Trujillo,LAT0452,ACME.com,Leo.A.Trujillo@ACME.com,Engineer
Chaney D Riggs,CDR0453,ACME.com,Chaney.D.Riggs@ACME.com,Loading Dock
Isaiah J Guthrie,IJG0454,ACME.com,Isaiah.J.Guthrie@ACME.com,Foreman
Kirsten R Crane,KRC0455,ACME.com,Kirsten.R.Crane@ACME.com,Tradesman
Keaton G Cook,KGC0456,ACME.com,Keaton.G.Cook@ACME.com,Administrative Staff
Hiram L Aguirre,HLA0457,ACME.com,Hiram.L.Aguirre@ACME.com,Administrative Assistant
Juliet R Pugh,JRP0458,ACME.com,Juliet.R.Pugh@ACME.com,Administrative Staff
Nathan J Cobb,NJC0459,ACME.com,Nathan.J.Cobb@ACME.com,Loading Dock
Benjamin H Howe,BHH0460,ACME.com,Benjamin.H.Howe@ACME.com,Engineer
Serina O Green,SOG0461,ACME.com,Serina.O.Green@ACME.com,Technician
Dale C Ballard,DCB0462,ACME.com,Dale.C.Ballard@ACME.com,Foreman
Ina V Stevenson,IVS0463,ACME.com,Ina.V.Stevenson@ACME.com,Administrative Staff
Jana K Wilkerson,JKW0464,ACME.com,Jana.K.Wilkerson@ACME.com,Administrative Staff
Jane L Vincent,JLV0465,ACME.com,Jane.L.Vincent@ACME.com,Technician
Beverly A May,BAM0466,ACME.com,Beverly.A.May@ACME.com,Tradesman
Samson K Hess,SKH0467,ACME.com,Samson.K.Hess@ACME.com,Administrative Staff
Otto Z Murphy,OZM0468,ACME.com,Otto.Z.Murphy@ACME.com,Engineer
Melissa J Mcmillan,MJM0469,ACME.com,Melissa.J.Mcmillan@ACME.com,Tradesman
Wade S Lopez,WSL0470,ACME.com,Wade.S.Lopez@ACME.com,Engineer
Fuller N Oconnor,FNO0471,ACME.com,Fuller.N.Oconnor@ACME.com,Tradesman
Hillary S Rocha,HSR0472,ACME.com,Hillary.S.Rocha@ACME.com,Administrative Staff
Inez M Britt,IMB0473,ACME.com,Inez.M.Britt@ACME.com,Administrative Staff
Garth R Conley,GRC0474,ACME.com,Garth.R.Conley@ACME.com,Engineer
Imelda I Rush,IIR0475,ACME.com,Imelda.I.Rush@ACME.com,Technician
Noel J Moreno,NJM0476,ACME.com,Noel.J.Moreno@ACME.com,Administrative Staff
Nolan R Steele,NRS0477,ACME.com,Nolan.R.Steele@ACME.com,Security
Sybil O Mckee,SOM0478,ACME.com,Sybil.O.Mckee@ACME.com,Engineer
Nora B Thornton,NBT0479,ACME.com,Nora.B.Thornton@ACME.com,Tradesman
Beverly N Livingston,BNL0480,ACME.com,Beverly.N.Livingston@ACME.com,Of Council
Gage N Burris,GNB0481,ACME.com,Gage.N.Burris@ACME.com,Security
Ila W Miles,IWM0482,ACME.com,Ila.W.Miles@ACME.com,Tradesman
Jonathan B Schroeder,JBS0483,ACME.com,Jonathan.B.Schroeder@ACME.com,Technician
Reed E Kaufman,REK0484,ACME.com,Reed.E.Kaufman@ACME.com,Senior Manger
Wallace D Williamson,WDW0485,ACME.com,Wallace.D.Williamson@ACME.com,Administrative Assistant
Shannon M Livingston,SML0486,ACME.com,Shannon.M.Livingston@ACME.com,Administrative Assistant
Samuel J Clarke,SJC0487,ACME.com,Samuel.J.Clarke@ACME.com,Administrative Staff
Venus I Riggs,VIR0488,ACME.com,Venus.I.Riggs@ACME.com,Administrative Staff
Nero D Stephens,NDS0490,ACME.com,Nero.D.Stephens@ACME.com,Project Manager
Edward C Trevino,ECT0491,ACME.com,Edward.C.Trevino@ACME.com,Administrative Staff
Lareina J Blevins,LJB0492,ACME.com,Lareina.J.Blevins@ACME.com,Administrative Staff
Josephine S Brewer,JSB0493,ACME.com,Josephine.S.Brewer@ACME.com,Tradesman
Elizabeth C Boone,ECB0494,ACME.com,Elizabeth.C.Boone@ACME.com,Administrative Staff
William F Luna,WFL0495,ACME.com,William.F.Luna@ACME.com,Administrative Assistant
Camden C Blankenship,CCB0496,ACME.com,Camden.C.Blankenship@ACME.com,Foreman
Christine C Hendrix,CCH0497,ACME.com,Christine.C.Hendrix@ACME.com,Technician
Stella C Joyner,SCJ0498,ACME.com,Stella.C.Joyner@ACME.com,Administrative Staff
Bethany B Montoya,BBM0499,ACME.com,Bethany.B.Montoya@ACME.com,Administrative Staff
Fiona D Patterson,FDP0500,ACME.com,Fiona.D.Patterson@ACME.com,Administrative Staff
Nathaniel B Branch,NBB0501,ACME.com,Nathaniel.B.Branch@ACME.com,Administrative Staff
Tamara E Gates,TEG0502,ACME.com,Tamara.E.Gates@ACME.com,Technician
Hilda K Guzman,HKG0503,ACME.com,Hilda.K.Guzman@ACME.com,Administrative Staff
Emerald W Reynolds,EWR0504,ACME.com,Emerald.W.Reynolds@ACME.com,Administrative Staff
Britanni A Bryant,BAB0505,ACME.com,Britanni.A.Bryant@ACME.com,Tradesman
Mia S Villarreal,MSV0506,ACME.com,Mia.S.Villarreal@ACME.com,Administrative Assistant
Keane R Dominguez,KRD0507,ACME.com,Keane.R.Dominguez@ACME.com,Engineer
Adena A Richards,AAR0508,ACME.com,Adena.A.Richards@ACME.com,Engineer
Laurel N Morales,LNM0509,ACME.com,Laurel.N.Morales@ACME.com,Tradesman
Brenda N Gardner,BNG0510,ACME.com,Brenda.N.Gardner@ACME.com,VP
Amaya O Calderon,AOC0511,ACME.com,Amaya.O.Calderon@ACME.com,Technician
Jesse H Dejesus,JHD0512,ACME.com,Jesse.H.Dejesus@ACME.com,Engineer
Elliott J Sanchez,EJS0513,ACME.com,Elliott.J.Sanchez@ACME.com,Foreman
Cleo N Tanner,CNT0514,ACME.com,Cleo.N.Tanner@ACME.com,Technician
Wang G Landry,WGL0515,ACME.com,Wang.G.Landry@ACME.com,Security
Dale R Oneil,DRO0516,ACME.com,Dale.R.Oneil@ACME.com,Administrative Assistant
Hayes B Little,HBL0517,ACME.com,Hayes.B.Little@ACME.com,Director
Maggie R Lowe,MRL0518,ACME.com,Maggie.R.Lowe@ACME.com,Administrative Staff
Hedy S Dodson,HSD0519,ACME.com,Hedy.S.Dodson@ACME.com,Tradesman
Amir L Knapp,ALK0520,ACME.com,Amir.L.Knapp@ACME.com,Technician
Neil H Lambert,NHL0521,ACME.com,Neil.H.Lambert@ACME.com,Director
Violet U Finch,VUF0522,ACME.com,Violet.U.Finch@ACME.com,Tradesman
Thaddeus K Gregory,TKG0523,ACME.com,Thaddeus.K.Gregory@ACME.com,Janitor
Nola D Holcomb,NDH0524,ACME.com,Nola.D.Holcomb@ACME.com,Administrative Staff
Hope C Rodriguez,HCR0525,ACME.com,Hope.C.Rodriguez@ACME.com,Janitor
Macaulay O Ayers,MOA0526,ACME.com,Macaulay.O.Ayers@ACME.com,Administrative Assistant
Danielle S Thomas,DST0527,ACME.com,Danielle.S.Thomas@ACME.com,Technician
Zeus G Hooper,ZGH0528,ACME.com,Zeus.G.Hooper@ACME.com,Administrative Assistant
Sarah C Battle,SCB0529,ACME.com,Sarah.C.Battle@ACME.com,Engineer
Matthew C Hayes,MCH0530,ACME.com,Matthew.C.Hayes@ACME.com,Janitor
Josephine A Dennis,JAD0531,ACME.com,Josephine.A.Dennis@ACME.com,Technician
Macey A Barker,MAB0532,ACME.com,Macey.A.Barker@ACME.com,Technician
Beck P Cherry,BPC0533,ACME.com,Beck.P.Cherry@ACME.com,Janitor
Brennan I Riddle,BIR0534,ACME.com,Brennan.I.Riddle@ACME.com,Administrative Staff
Damian D Jacobs,DDJ0535,ACME.com,Damian.D.Jacobs@ACME.com,Administrative Assistant
Chastity K Barlow,CKB0536,ACME.com,Chastity.K.Barlow@ACME.com,Tradesman
Candice T Ramos,CTR0537,ACME.com,Candice.T.Ramos@ACME.com,Administrative Staff
Michael T Cobb,MTC0538,ACME.com,Michael.T.Cobb@ACME.com,Foreman
Aileen S Roy,ASR0539,ACME.com,Aileen.S.Roy@ACME.com,Technician
Rashad C Freeman,RCF0540,ACME.com,Rashad.C.Freeman@ACME.com,Administrative Assistant
Amir R Wade,ARW0541,ACME.com,Amir.R.Wade@ACME.com,Engineer
Preston K Hart,PKH0542,ACME.com,Preston.K.Hart@ACME.com,Engineer
Justin N French,JNF0543,ACME.com,Justin.N.French@ACME.com,Loading Dock
Justin A Haynes,JAH0544,ACME.com,Justin.A.Haynes@ACME.com,Loading Dock
Griffin C Holland,GCH0545,ACME.com,Griffin.C.Holland@ACME.com,Administrative Assistant
Luke C Gomez,LCG0546,ACME.com,Luke.C.Gomez@ACME.com,Janitor
Beck C Robinson,BCR0547,ACME.com,Beck.C.Robinson@ACME.com,Administrative Assistant
Zelenia K Nielsen,ZKN0548,ACME.com,Zelenia.K.Nielsen@ACME.com,Engineer
Wayne O Tyson,WOT0549,ACME.com,Wayne.O.Tyson@ACME.com,Security
Fulton K Rojas,FKR0550,ACME.com,Fulton.K.Rojas@ACME.com,Senior Manger
Leo C Kirk,LCK0551,ACME.com,Leo.C.Kirk@ACME.com,Janitor
Flavia C Tanner,FCT0552,ACME.com,Flavia.C.Tanner@ACME.com,Administrative Staff
Arthur J Phillips,AJP0553,ACME.com,Arthur.J.Phillips@ACME.com,Administrative Assistant
Herman T Gilmore,HTG0554,ACME.com,Herman.T.Gilmore@ACME.com,Janitor
Pearl S Perry,PSP0555,ACME.com,Pearl.S.Perry@ACME.com,Tradesman
Leilani C Carpenter,LCC0556,ACME.com,Leilani.C.Carpenter@ACME.com,Technician
Porter A Gross,PAG0557,ACME.com,Porter.A.Gross@ACME.com,Administrative Staff
Branden C Moses,BCM0558,ACME.com,Branden.C.Moses@ACME.com,Foreman
Carson P Stone,CPS0559,ACME.com,Carson.P.Stone@ACME.com,Foreman
Sarah S Vazquez,SSV0560,ACME.com,Sarah.S.Vazquez@ACME.com,Technician
Lysandra E Hartman,LEH0561,ACME.com,Lysandra.E.Hartman@ACME.com,Administrative Staff
Alec G Garza,AGG0562,ACME.com,Alec.G.Garza@ACME.com,Director
Dacey E Padilla,DEP0563,ACME.com,Dacey.E.Padilla@ACME.com,Engineer
Odysseus B Fowler,OBF0564,ACME.com,Odysseus.B.Fowler@ACME.com,Senior Manger
Orson U Sharpe,OUS0565,ACME.com,Orson.U.Sharpe@ACME.com,Foreman
Nicolas H Herrera,NHH0566,ACME.com,Nicolas.H.Herrera@ACME.com,Technician
Jerry X Guzman,JXG0567,ACME.com,Jerry.X.Guzman@ACME.com,Engineer
Phoebe R Byrd,PRB0568,ACME.com,Phoebe.R.Byrd@ACME.com,Technician
Benjamin J Caldwell,BJC0569,ACME.com,Benjamin.J.Caldwell@ACME.com,Loading Dock
Wallace C Nolan,WCN0570,ACME.com,Wallace.C.Nolan@ACME.com,Engineer
Gil M Farmer,GMF0571,ACME.com,Gil.M.Farmer@ACME.com,Administrative Assistant
Mallory V Pace,MVP0572,ACME.com,Mallory.V.Pace@ACME.com,Tradesman
Guy K Jenkins,GKJ0573,ACME.com,Guy.K.Jenkins@ACME.com,VP
Quincy N Kerr,QNK0574,ACME.com,Quincy.N.Kerr@ACME.com,Administrative Assistant
Kyle K Cherry,KKC0575,ACME.com,Kyle.K.Cherry@ACME.com,Administrative Staff
Shaine C Kennedy,SCK0576,ACME.com,Shaine.C.Kennedy@ACME.com,Tradesman
Amery I Delacruz,AID0577,ACME.com,Amery.I.Delacruz@ACME.com,Foreman
Ferris A Frost,FAF0578,ACME.com,Ferris.A.Frost@ACME.com,Administrative Staff
Dorothy A Vasquez,DAV0579,ACME.com,Dorothy.A.Vasquez@ACME.com,Tradesman
Orlando R Waller,ORW0580,ACME.com,Orlando.R.Waller@ACME.com,Foreman
Moses M Hickman,MMH0581,ACME.com,Moses.M.Hickman@ACME.com,Engineer
Audrey K Walton,AKW0582,ACME.com,Audrey.K.Walton@ACME.com,Administrative Staff
Rylee B Charles,RBC0583,ACME.com,Rylee.B.Charles@ACME.com,Security
Sawyer G Giles,SGG0584,ACME.com,Sawyer.G.Giles@ACME.com,Technician
Connor D Fernandez,CDF0585,ACME.com,Connor.D.Fernandez@ACME.com,Foreman
Shafira I Rowe,SIR0586,ACME.com,Shafira.I.Rowe@ACME.com,Senior Manger
Emi K Bentley,EKB0587,ACME.com,Emi.K.Bentley@ACME.com,Technician
Sylvester J Holloway,SJH0588,ACME.com,Sylvester.J.Holloway@ACME.com,Foreman
Sonya L Merrill,SLM0589,ACME.com,Sonya.L.Merrill@ACME.com,Tradesman
Ramona J Weiss,RJW0590,ACME.com,Ramona.J.Weiss@ACME.com,Tradesman
Willa B Wong,WBW0591,ACME.com,Willa.B.Wong@ACME.com,Administrative Staff
Wyoming J Richards,WJR0592,ACME.com,Wyoming.J.Richards@ACME.com,Tradesman
Nissim J Hale,NJH0593,ACME.com,Nissim.J.Hale@ACME.com,Engineer
Ralph A Anderson,RAA0594,ACME.com,Ralph.A.Anderson@ACME.com,Project Manager
Mari D Cote,MDC0595,ACME.com,Mari.D.Cote@ACME.com,Technician
Burton M Roth,BMR0596,ACME.com,Burton.M.Roth@ACME.com,Senior Manger
Kuame S Wolfe,KSW0597,ACME.com,Kuame.S.Wolfe@ACME.com,Technician
Jerome S Hoffman,JSH0598,ACME.com,Jerome.S.Hoffman@ACME.com,Administrative Assistant
Adele A Chase,AAC0599,ACME.com,Adele.A.Chase@ACME.com,Administrative Staff
Danielle C Casey,DCC0600,ACME.com,Danielle.C.Casey@ACME.com,Technician
Shea A Sampson,SAS0601,ACME.com,Shea.A.Sampson@ACME.com,Technician
Martin B Dickerson,MBD0602,ACME.com,Martin.B.Dickerson@ACME.com,Senior Manger
Martena J Pena,MJP0603,ACME.com,Martena.J.Pena@ACME.com,Tradesman
Heather I Bean,HIB0604,ACME.com,Heather.I.Bean@ACME.com,Administrative Staff
Vincent K Baker,VKB0605,ACME.com,Vincent.K.Baker@ACME.com,Foreman
Anjolie M Anthony,AMA0606,ACME.com,Anjolie.M.Anthony@ACME.com,Technician
Hillary T Chambers,HTC0607,ACME.com,Hillary.T.Chambers@ACME.com,Administrative Staff
Stacey H Skinner,SHS0608,ACME.com,Stacey.H.Skinner@ACME.com,Tradesman
Omar X Chavez,OXC0609,ACME.com,Omar.X.Chavez@ACME.com,Director
Cyrus A Holmes,CAH0610,ACME.com,Cyrus.A.Holmes@ACME.com,Administrative Assistant
Sopoline N Douglas,SND0611,ACME.com,Sopoline.N.Douglas@ACME.com,Technician
Melinda M Houston,MMH0612,ACME.com,Melinda.M.Houston@ACME.com,Tradesman
Dakota A Oconnor,DAO0613,ACME.com,Dakota.A.Oconnor@ACME.com,Loading Dock
Kane J Mathis,KJM0614,ACME.com,Kane.J.Mathis@ACME.com,Janitor
Clio N Brewer,CNB0615,ACME.com,Clio.N.Brewer@ACME.com,Technician
Emily N Daniels,END0616,ACME.com,Emily.N.Daniels@ACME.com,Tradesman
Kiayada I Mccall,KIM0617,ACME.com,Kiayada.I.Mccall@ACME.com,Technician
Bevis M Le,BML0618,ACME.com,Bevis.M.Le@ACME.com,Engineer
Driscoll N Hill,DNH0619,ACME.com,Driscoll.N.Hill@ACME.com,Engineer
Dale M England,DME0620,ACME.com,Dale.M.England@ACME.com,Security
Neve M Rios,NMR0621,ACME.com,Neve.M.Rios@ACME.com,Director
Cooper K Wade,CKW0622,ACME.com,Cooper.K.Wade@ACME.com,Security
Brynne B Potter,BBP0623,ACME.com,Brynne.B.Potter@ACME.com,Tradesman
Noble G Cantu,NGC0624,ACME.com,Noble.G.Cantu@ACME.com,Administrative Assistant
Omar N Quinn,ONQ0625,ACME.com,Omar.N.Quinn@ACME.com,Foreman
Zachery B Mills,ZBM0626,ACME.com,Zachery.B.Mills@ACME.com,Project Manager
Deborah S Hobbs,DSH0627,ACME.com,Deborah.S.Hobbs@ACME.com,Loading Dock
Caesar B Price,CBP0628,ACME.com,Caesar.B.Price@ACME.com,Technician
Idona C Fernandez,ICF0629,ACME.com,Idona.C.Fernandez@ACME.com,Technician
MacKensie V Walker,MVW0630,ACME.com,MacKensie.V.Walker@ACME.com,Tradesman
Germaine D Justice,GDJ0631,ACME.com,Germaine.D.Justice@ACME.com,Tradesman
Quintessa L Craig,QLC0632,ACME.com,Quintessa.L.Craig@ACME.com,Tradesman
Kermit N Joyce,KNJ0633,ACME.com,Kermit.N.Joyce@ACME.com,Foreman
Brennan D Ingram,BDI0634,ACME.com,Brennan.D.Ingram@ACME.com,Engineer
Yvette C Velazquez,YCV0635,ACME.com,Yvette.C.Velazquez@ACME.com,Tradesman
Oliver E Sampson,OES0636,ACME.com,Oliver.E.Sampson@ACME.com,Administrative Assistant
Tyler T Glover,TTG0637,ACME.com,Tyler.T.Glover@ACME.com,Janitor
Colton J Gates,CJG0638,ACME.com,Colton.J.Gates@ACME.com,Of Council
Thomas A Olsen,TAO0639,ACME.com,Thomas.A.Olsen@ACME.com,Janitor
Jessamine I Harris,JIH0640,ACME.com,Jessamine.I.Harris@ACME.com,Administrative Staff
Upton S Barnes,USB0641,ACME.com,Upton.S.Barnes@ACME.com,Engineer
Eve D Rowland,EDR0642,ACME.com,Eve.D.Rowland@ACME.com,Tradesman
David D Wynn,DDW0643,ACME.com,David.D.Wynn@ACME.com,Foreman
Nichole E Patrick,NEP0644,ACME.com,Nichole.E.Patrick@ACME.com,Technician
Carolyn H Mckee,CHM0645,ACME.com,Carolyn.H.Mckee@ACME.com,Technician
Alexander F Rodgers,AFR0646,ACME.com,Alexander.F.Rodgers@ACME.com,Engineer
Aaron C Donovan,ACD0647,ACME.com,Aaron.C.Donovan@ACME.com,Senior Manger
Benjamin X Young,BXY0648,ACME.com,Benjamin.X.Young@ACME.com,Foreman
Hollee A Grant,HAG0649,ACME.com,Hollee.A.Grant@ACME.com,Technician
Xerxes X Davenport,XXD0650,ACME.com,Xerxes.X.Davenport@ACME.com,Foreman
Quinn K Robbins,QKR0651,ACME.com,Quinn.K.Robbins@ACME.com,Engineer
Zelda C Acosta,ZCA0652,ACME.com,Zelda.C.Acosta@ACME.com,Administrative Staff
Camden B Curry,CBC0653,ACME.com,Camden.B.Curry@ACME.com,Engineer
Jonathan B Schwartz,JBS0654,ACME.com,Jonathan.B.Schwartz@ACME.com,Engineer
Hope D Benjamin,HDB0655,ACME.com,Hope.D.Benjamin@ACME.com,Technician
Maia F Nichols,MFN0656,ACME.com,Maia.F.Nichols@ACME.com,Engineer
Paula F Foley,PFF0657,ACME.com,Paula.F.Foley@ACME.com,Engineer
Alfreda A Kelley,AAK0658,ACME.com,Alfreda.A.Kelley@ACME.com,Tradesman
Robert D Trujillo,RDT0659,ACME.com,Robert.D.Trujillo@ACME.com,Engineer
Allegra M Merrill,AMM0661,ACME.com,Allegra.M.Merrill@ACME.com,Tradesman
Zia K English,ZKE0662,ACME.com,Zia.K.English@ACME.com,Engineer
Vivian C Gould,VCG0663,ACME.com,Vivian.C.Gould@ACME.com,Administrative Staff
Gil H Stevens,GHS0664,ACME.com,Gil.H.Stevens@ACME.com,Project Manager
Keelie P Bird,KPB0665,ACME.com,Keelie.P.Bird@ACME.com,Technician
Lacey C Kelly,LCK0666,ACME.com,Lacey.C.Kelly@ACME.com,Technician
Yen C Scott,YCS0667,ACME.com,Yen.C.Scott@ACME.com,Technician
Fritz I Mccullough,FIM0668,ACME.com,Fritz.I.Mccullough@ACME.com,Administrative Staff
Vanna F Pate,VFP0669,ACME.com,Vanna.F.Pate@ACME.com,Tradesman
Tatum G Casey,TGC0670,ACME.com,Tatum.G.Casey@ACME.com,Administrative Staff
Talon H Lindsay,THL0671,ACME.com,Talon.H.Lindsay@ACME.com,Foreman
Leila Y Crawford,LYC0672,ACME.com,Leila.Y.Crawford@ACME.com,Administrative Staff
Kendall S Barton,KSB0673,ACME.com,Kendall.S.Barton@ACME.com,Tradesman
Stephen B Hull,SBH0674,ACME.com,Stephen.B.Hull@ACME.com,Director
Macon N Daugherty,MND0675,ACME.com,Macon.N.Daugherty@ACME.com,Administrative Assistant
Kenneth K Walls,KKW0676,ACME.com,Kenneth.K.Walls@ACME.com,Engineer
Abbot R Cherry,ARC0677,ACME.com,Abbot.R.Cherry@ACME.com,Security
Adele Q Griffith,AQG0678,ACME.com,Adele.Q.Griffith@ACME.com,Technician
Slade D Leon,SDL0679,ACME.com,Slade.D.Leon@ACME.com,Administrative Assistant
Hall F Cherry,HFC0680,ACME.com,Hall.F.Cherry@ACME.com,Administrative Staff
Hayes C Maynard,HCM0681,ACME.com,Hayes.C.Maynard@ACME.com,Security
Noble W Good,NWG0682,ACME.com,Noble.W.Good@ACME.com,Director
Shelley A Elliott,SAE0683,ACME.com,Shelley.A.Elliott@ACME.com,Engineer
Plato C Obrien,PCO0684,ACME.com,Plato.C.Obrien@ACME.com,Project Manager
Jescie D Richardson,JDR0685,ACME.com,Jescie.D.Richardson@ACME.com,Tradesman
Drew B Gomez,DBG0686,ACME.com,Drew.B.Gomez@ACME.com,Engineer
Caesar T Finch,CTF0687,ACME.com,Caesar.T.Finch@ACME.com,Foreman
Robert H Pate,RHP0688,ACME.com,Robert.H.Pate@ACME.com,Administrative Assistant
Yardley Q Woods,YQW0689,ACME.com,Yardley.Q.Woods@ACME.com,Foreman
Lacy M Hester,LMH0690,ACME.com,Lacy.M.Hester@ACME.com,Administrative Staff
Sierra J Allison,SJA0691,ACME.com,Sierra.J.Allison@ACME.com,Tradesman
Bernard C Gilbert,BCG0692,ACME.com,Bernard.C.Gilbert@ACME.com,Technician
Gray R Graham,GRG0693,ACME.com,Gray.R.Graham@ACME.com,Project Manager
Alden L Warren,ALW0694,ACME.com,Alden.L.Warren@ACME.com,Foreman
Emily A Ratliff,EAR0695,ACME.com,Emily.A.Ratliff@ACME.com,Technician
Dexter K Robinson,DKR0696,ACME.com,Dexter.K.Robinson@ACME.com,Loading Dock
George S Leon,GSL0697,ACME.com,George.S.Leon@ACME.com,Administrative Assistant
Driscoll B Marshall,DBM0698,ACME.com,Driscoll.B.Marshall@ACME.com,Engineer
Riley M Estrada,RME0699,ACME.com,Riley.M.Estrada@ACME.com,Technician
Ima M French,IMF0700,ACME.com,Ima.M.French@ACME.com,Tradesman
Nicolas L Drake,NLD0701,ACME.com,Nicolas.L.Drake@ACME.com,Foreman
Phelan M Beasley,PMB0702,ACME.com,Phelan.M.Beasley@ACME.com,Administrative Assistant
Justin H Colon,JHC0703,ACME.com,Justin.H.Colon@ACME.com,Engineer
Vance J David,VJD0704,ACME.com,Vance.J.David@ACME.com,Foreman
Zephr R Robinson,ZRR0705,ACME.com,Zephr.R.Robinson@ACME.com,Technician
Nelle F David,NFD0706,ACME.com,Nelle.F.David@ACME.com,Technician
Savannah C Wyatt,SCW0707,ACME.com,Savannah.C.Wyatt@ACME.com,Technician
Noah W Tillman,NWT0708,ACME.com,Noah.W.Tillman@ACME.com,Foreman
Autumn A Simon,AAS0709,ACME.com,Autumn.A.Simon@ACME.com,Technician
Lillith A Hull,LAH0710,ACME.com,Lillith.A.Hull@ACME.com,Technician
Jayme L Campos,JLC0711,ACME.com,Jayme.L.Campos@ACME.com,Technician
Matthew A Hoffman,MAH0712,ACME.com,Matthew.A.Hoffman@ACME.com,Administrative Assistant
Patricia V Wiley,PVW0713,ACME.com,Patricia.V.Wiley@ACME.com,Technician
Talon J Pace,TJP0714,ACME.com,Talon.J.Pace@ACME.com,Engineer
Gage L Barber,GLB0715,ACME.com,Gage.L.Barber@ACME.com,Administrative Assistant
Brynne V Maldonado,BVM0716,ACME.com,Brynne.V.Maldonado@ACME.com,Tradesman
Kiayada L Singleton,KLS0717,ACME.com,Kiayada.L.Singleton@ACME.com,Administrative Staff
Ciara E Bauer,CEB0718,ACME.com,Ciara.E.Bauer@ACME.com,Technician
Karleigh N Hancock,KNH0719,ACME.com,Karleigh.N.Hancock@ACME.com,Tradesman
Josiah J Boyd,JJB0720,ACME.com,Josiah.J.Boyd@ACME.com,Engineer
Freya F Prince,FFP0721,ACME.com,Freya.F.Prince@ACME.com,Administrative Assistant
Paki A Craig,PAC0722,ACME.com,Paki.A.Craig@ACME.com,Engineer
Dominique L Mitchell,DLM0723,ACME.com,Dominique.L.Mitchell@ACME.com,Technician
Jeremy Q Hicks,JQH0724,ACME.com,Jeremy.Q.Hicks@ACME.com,Project Manager
Dalton C Mcpherson,DCM0725,ACME.com,Dalton.C.Mcpherson@ACME.com,Security
Avram B Sullivan,ABS0726,ACME.com,Avram.B.Sullivan@ACME.com,Engineer
Jordan Z Oconnor,JZO0727,ACME.com,Jordan.Z.Oconnor@ACME.com,Janitor
Madeson G Bullock,MGB0728,ACME.com,Madeson.G.Bullock@ACME.com,Tradesman
Hyacinth R Koch,HRK0729,ACME.com,Hyacinth.R.Koch@ACME.com,Administrative Staff
Aubrey E Wolfe,AEW0730,ACME.com,Aubrey.E.Wolfe@ACME.com,Administrative Staff
Hayley C Gilmore,HCG0731,ACME.com,Hayley.C.Gilmore@ACME.com,Tradesman
MacKensie G Yates,MGY0732,ACME.com,MacKensie.G.Yates@ACME.com,Tradesman
Renee K Church,RKC0733,ACME.com,Renee.K.Church@ACME.com,Administrative Staff
Adam A Holman,AAH0734,ACME.com,Adam.A.Holman@ACME.com,Administrative Staff
Stella J Chavez,SJC0735,ACME.com,Stella.J.Chavez@ACME.com,Tradesman
Brynne I Merritt,BIM0736,ACME.com,Brynne.I.Merritt@ACME.com,Administrative Staff
Hayden R Tanner,HRT0737,ACME.com,Hayden.R.Tanner@ACME.com,Of Council
Anika Z Summers,AZS0738,ACME.com,Anika.Z.Summers@ACME.com,Director
Caleb S Delacruz,CSD0739,ACME.com,Caleb.S.Delacruz@ACME.com,Administrative Staff
Troy N Beard,TNB0740,ACME.com,Troy.N.Beard@ACME.com,Project Manager
Eleanor L Alvarez,ELA0741,ACME.com,Eleanor.L.Alvarez@ACME.com,Tradesman
Megan D Sosa,MDS0742,ACME.com,Megan.D.Sosa@ACME.com,Senior Manger
Mark G Foley,MGF0743,ACME.com,Mark.G.Foley@ACME.com,Senior Manger
Jamalia L Carter,JLC0744,ACME.com,Jamalia.L.Carter@ACME.com,Tradesman
Elvis A Morin,EAM0745,ACME.com,Elvis.A.Morin@ACME.com,Engineer
Phyllis I Phillips,PIP0746,ACME.com,Phyllis.I.Phillips@ACME.com,Tradesman
Lane R Hood,LRH0747,ACME.com,Lane.R.Hood@ACME.com,Project Manager
Mia E Dejesus,MED0748,ACME.com,Mia.E.Dejesus@ACME.com,Administrative Staff
Kaye S Oneil,KSO0749,ACME.com,Kaye.S.Oneil@ACME.com,Technician
Adam E Castro,AEC0750,ACME.com,Adam.E.Castro@ACME.com,Director
Sloane J Beasley,SJB0751,ACME.com,Sloane.J.Beasley@ACME.com,Engineer
Jennifer C Lowe,JCL0752,ACME.com,Jennifer.C.Lowe@ACME.com,Tradesman
Elton C Graves,ECG0753,ACME.com,Elton.C.Graves@ACME.com,Administrative Assistant
Donna A Goodman,DAG0754,ACME.com,Donna.A.Goodman@ACME.com,Senior Manger
Kendall M Watson,KMW0755,ACME.com,Kendall.M.Watson@ACME.com,Technician
Stephanie V Melton,SVM0756,ACME.com,Stephanie.V.Melton@ACME.com,Tradesman
Carolyn A Valentine,CAV0757,ACME.com,Carolyn.A.Valentine@ACME.com,Administrative Staff
Anika R Randall,ARR0758,ACME.com,Anika.R.Randall@ACME.com,Administrative Staff
Jarrod M Martin,JMM0759,ACME.com,Jarrod.M.Martin@ACME.com,Foreman
Aubrey F Foster,AFF0760,ACME.com,Aubrey.F.Foster@ACME.com,Foreman
Chadwick P Perry,CPP0761,ACME.com,Chadwick.P.Perry@ACME.com,Engineer
Camilla B Hendrix,CBH0762,ACME.com,Camilla.B.Hendrix@ACME.com,Technician
Nicholas S Duran,NSD0763,ACME.com,Nicholas.S.Duran@ACME.com,Foreman
Wyoming P Holden,WPH0764,ACME.com,Wyoming.P.Holden@ACME.com,Foreman
Nicole W Camacho,NWC0765,ACME.com,Nicole.W.Camacho@ACME.com,Tradesman
Echo D Gray,EDG0766,ACME.com,Echo.D.Gray@ACME.com,Administrative Staff
Lamar N Douglas,LND0767,ACME.com,Lamar.N.Douglas@ACME.com,Engineer
Scott W Mcleod,SWM0768,ACME.com,Scott.W.Mcleod@ACME.com,Foreman
Abigail P Callahan,APC0769,ACME.com,Abigail.P.Callahan@ACME.com,Technician
Rhea Q Hammond,RQH0770,ACME.com,Rhea.Q.Hammond@ACME.com,Tradesman
Nichole Z Durham,NZD0771,ACME.com,Nichole.Z.Durham@ACME.com,Administrative Staff
Larissa J Randall,LJR0772,ACME.com,Larissa.J.Randall@ACME.com,Tradesman
Stacey M Dalton,SMD0773,ACME.com,Stacey.M.Dalton@ACME.com,Technician
Brielle A Harris,BAH0774,ACME.com,Brielle.A.Harris@ACME.com,Technician
Jonathan G Calderon,JGC0775,ACME.com,Jonathan.G.Calderon@ACME.com,Technician
Ingrid M Dorsey,IMD0776,ACME.com,Ingrid.M.Dorsey@ACME.com,Technician
Inez V Frost,IVF0777,ACME.com,Inez.V.Frost@ACME.com,Tradesman
Stephen L Copeland,SLC0778,ACME.com,Stephen.L.Copeland@ACME.com,Engineer
Ishmael C Ballard,ICB0779,ACME.com,Ishmael.C.Ballard@ACME.com,Foreman
Robert R Lancaster,RRL0780,ACME.com,Robert.R.Lancaster@ACME.com,Senior Manger
Samuel L Mann,SLM0781,ACME.com,Samuel.L.Mann@ACME.com,Project Manager
Eve M Mitchell,EMM0782,ACME.com,Eve.M.Mitchell@ACME.com,Technician
Theodore H Burton,THB0783,ACME.com,Theodore.H.Burton@ACME.com,Engineer
Harper J Pace,HJP0784,ACME.com,Harper.J.Pace@ACME.com,Engineer
Hayden E Glover,HEG0785,ACME.com,Hayden.E.Glover@ACME.com,Engineer
Oprah B Daniels,OBD0786,ACME.com,Oprah.B.Daniels@ACME.com,Administrative Staff
Beau A Key,BAK0787,ACME.com,Beau.A.Key@ACME.com,Foreman
Kane B Compton,KBC0788,ACME.com,Kane.B.Compton@ACME.com,Foreman
Owen Z Delaney,OZD0789,ACME.com,Owen.Z.Delaney@ACME.com,Administrative Assistant
Demetrius R Holman,DRH0790,ACME.com,Demetrius.R.Holman@ACME.com,Technician
Xena I Noel,XIN0791,ACME.com,Xena.I.Noel@ACME.com,Technician
Lev C Lucas,LCL0792,ACME.com,Lev.C.Lucas@ACME.com,Technician
Julie M Santana,JMS0793,ACME.com,Julie.M.Santana@ACME.com,Administrative Staff
Edward N Peterson,ENP0794,ACME.com,Edward.N.Peterson@ACME.com,Tradesman
Hiram C Rodriguez,HCR0795,ACME.com,Hiram.C.Rodriguez@ACME.com,Technician
Hadassah K Owens,HKO0796,ACME.com,Hadassah.K.Owens@ACME.com,Engineer
Aurelia I Burns,AIB0797,ACME.com,Aurelia.I.Burns@ACME.com,Administrative Staff
Dalton F Ward,DFW0798,ACME.com,Dalton.F.Ward@ACME.com,Engineer
Audrey S Pennington,ASP0799,ACME.com,Audrey.S.Pennington@ACME.com,Tradesman
Brent C Johnson,BCJ0800,ACME.com,Brent.C.Johnson@ACME.com,Engineer
Ocean Y Rojas,OYR0801,ACME.com,Ocean.Y.Rojas@ACME.com,Technician
Herman E Dickerson,HED0802,ACME.com,Herman.E.Dickerson@ACME.com,Engineer
Arsenio C Hoover,ACH0803,ACME.com,Arsenio.C.Hoover@ACME.com,Administrative Assistant
Aphrodite J Nieves,AJN0804,ACME.com,Aphrodite.J.Nieves@ACME.com,Technician
Stephen I Parsons,SIP0805,ACME.com,Stephen.I.Parsons@ACME.com,Project Manager
Kelsey D Love,KDL0806,ACME.com,Kelsey.D.Love@ACME.com,Tradesman
Neve D Humphrey,NDH0807,ACME.com,Neve.D.Humphrey@ACME.com,Tradesman
Brooke P Byrd,BPB0808,ACME.com,Brooke.P.Byrd@ACME.com,Tradesman
Portia J Stokes,PJS0809,ACME.com,Portia.J.Stokes@ACME.com,Technician
Chancellor D Ellison,CDE0810,ACME.com,Chancellor.D.Ellison@ACME.com,Engineer
Finn L Castaneda,FLC0811,ACME.com,Finn.L.Castaneda@ACME.com,Engineer
Harriet N Farmer,HNF0812,ACME.com,Harriet.N.Farmer@ACME.com,Administrative Staff
Wyoming A Hyde,WAH0813,ACME.com,Wyoming.A.Hyde@ACME.com,Technician
Caryn M Carpenter,CMC0814,ACME.com,Caryn.M.Carpenter@ACME.com,Administrative Staff
Stacy S Wyatt,SSW0815,ACME.com,Stacy.S.Wyatt@ACME.com,Loading Dock
Warren N Small,WNS0816,ACME.com,Warren.N.Small@ACME.com,Administrative Assistant
Jordan C Galloway,JCG0817,ACME.com,Jordan.C.Galloway@ACME.com,Technician
Susan P Kennedy,SPK0818,ACME.com,Susan.P.Kennedy@ACME.com,Technician
Cooper L Sharp,CLS0819,ACME.com,Cooper.L.Sharp@ACME.com,Project Manager
Geoffrey J Golden,GJG0820,ACME.com,Geoffrey.J.Golden@ACME.com,Project Manager
Hasad P Noble,HPN0821,ACME.com,Hasad.P.Noble@ACME.com,Administrative Staff
Irma A Haynes,IAH0822,ACME.com,Irma.A.Haynes@ACME.com,Administrative Staff
Honorato D Rollins,HDR0823,ACME.com,Honorato.D.Rollins@ACME.com,Administrative Staff
Ashton S Stein,ASS0824,ACME.com,Ashton.S.Stein@ACME.com,Senior Manger
Portia R Hughes,PRH0825,ACME.com,Portia.R.Hughes@ACME.com,Tradesman
Rhoda V Malone,RVM0826,ACME.com,Rhoda.V.Malone@ACME.com,Administrative Staff
Charde C Morris,CCM0827,ACME.com,Charde.C.Morris@ACME.com,Technician
Arthur W Becker,AWB0828,ACME.com,Arthur.W.Becker@ACME.com,Engineer
Quinlan C Dudley,QCD0829,ACME.com,Quinlan.C.Dudley@ACME.com,Administrative Assistant
Athena M Moses,AMM0830,ACME.com,Athena.M.Moses@ACME.com,Tradesman
Tatyana L Blackburn,TLB0831,ACME.com,Tatyana.L.Blackburn@ACME.com,Administrative Staff
Quincy N Cherry,QNC0832,ACME.com,Quincy.N.Cherry@ACME.com,Tradesman
Aubrey B Donovan,ABD0833,ACME.com,Aubrey.B.Donovan@ACME.com,Technician
Adrian L West,ALW0834,ACME.com,Adrian.L.West@ACME.com,Engineer
Seth E Rivers,SER0835,ACME.com,Seth.E.Rivers@ACME.com,Administrative Staff
Abra B Logan,ABL0836,ACME.com,Abra.B.Logan@ACME.com,Technician
Melinda W Jarvis,MWJ0837,ACME.com,Melinda.W.Jarvis@ACME.com,Engineer
Melissa X Meadows,MXM0838,ACME.com,Melissa.X.Meadows@ACME.com,Engineer
Omar D Weaver,ODW0839,ACME.com,Omar.D.Weaver@ACME.com,Project Manager
Kelly M Chapman,KMC0840,ACME.com,Kelly.M.Chapman@ACME.com,Administrative Staff
Joan P Parsons,JPP0841,ACME.com,Joan.P.Parsons@ACME.com,Technician
Nichole S Contreras,NSC0842,ACME.com,Nichole.S.Contreras@ACME.com,Technician
Leila L Bartlett,LLB0843,ACME.com,Leila.L.Bartlett@ACME.com,Technician
Ruby L Evans,RLE0844,ACME.com,Ruby.L.Evans@ACME.com,Administrative Staff
Demetria R Neal,DRN0845,ACME.com,Demetria.R.Neal@ACME.com,Tradesman
Phyllis C Maxwell,PCM0846,ACME.com,Phyllis.C.Maxwell@ACME.com,Engineer
Plato U Horn,PUH0847,ACME.com,Plato.U.Horn@ACME.com,Director
Kay U Castillo,KUC0848,ACME.com,Kay.U.Castillo@ACME.com,Director
Unity J Church,UJC0849,ACME.com,Unity.J.Church@ACME.com,Administrative Staff
Brynne N William,BNW0850,ACME.com,Brynne.N.William@ACME.com,Tradesman
Mannix C Cain,MCC0851,ACME.com,Mannix.C.Cain@ACME.com,Foreman
Reed V Savage,RVS0852,ACME.com,Reed.V.Savage@ACME.com,Janitor
Marcia W Hoffman,MWH0853,ACME.com,Marcia.W.Hoffman@ACME.com,Loading Dock
Chiquita A Conway,CAC0854,ACME.com,Chiquita.A.Conway@ACME.com,Tradesman
Russell D Padilla,RDP0855,ACME.com,Russell.D.Padilla@ACME.com,Administrative Assistant
Cleo T Hull,CTH0856,ACME.com,Cleo.T.Hull@ACME.com,Technician
Delilah S Turner,DST0857,ACME.com,Delilah.S.Turner@ACME.com,Technician
Hedy N Strickland,HNS0858,ACME.com,Hedy.N.Strickland@ACME.com,Technician
Oren S Shaffer,OSS0859,ACME.com,Oren.S.Shaffer@ACME.com,Administrative Assistant
Hillary E Russell,HER0860,ACME.com,Hillary.E.Russell@ACME.com,Technician
Ria L Wiley,RLW0861,ACME.com,Ria.L.Wiley@ACME.com,Technician
Maxine S Knight,MSK0862,ACME.com,Maxine.S.Knight@ACME.com,Technician
Giselle H Black,GHB0863,ACME.com,Giselle.H.Black@ACME.com,Technician
Rooney C Reynolds,RCR0864,ACME.com,Rooney.C.Reynolds@ACME.com,Administrative Assistant
Abigail C Lancaster,ACL0865,ACME.com,Abigail.C.Lancaster@ACME.com,Tradesman
Oprah J Green,OJG0866,ACME.com,Oprah.J.Green@ACME.com,Tradesman
Willow T Ayers,WTA0867,ACME.com,Willow.T.Ayers@ACME.com,Tradesman
Akeem F Dodson,AFD0868,ACME.com,Akeem.F.Dodson@ACME.com,Security
Burke S Graves,BSG0869,ACME.com,Burke.S.Graves@ACME.com,Technician
Tatum Z Benton,TZB0870,ACME.com,Tatum.Z.Benton@ACME.com,Tradesman
Shea K Wallace,SKW0871,ACME.com,Shea.K.Wallace@ACME.com,Tradesman
Blaine W Sampson,BWS0872,ACME.com,Blaine.W.Sampson@ACME.com,Security
Jane C Stark,JCS0873,ACME.com,Jane.C.Stark@ACME.com,Technician
Raphael J Pittman,RJP0874,ACME.com,Raphael.J.Pittman@ACME.com,Engineer
Jarrod M Alvarado,JMA0875,ACME.com,Jarrod.M.Alvarado@ACME.com,Foreman
Cara C Goodman,CCG0876,ACME.com,Cara.C.Goodman@ACME.com,Technician
Colby G Chaney,CGC0877,ACME.com,Colby.G.Chaney@ACME.com,Foreman
Amanda R Richard,ARR0878,ACME.com,Amanda.R.Richard@ACME.com,Technician
Rose B Cantu,RBC0879,ACME.com,Rose.B.Cantu@ACME.com,Administrative Staff
Katell A Gill,KAG0880,ACME.com,Katell.A.Gill@ACME.com,Engineer
Sebastian K Levy,SKL0881,ACME.com,Sebastian.K.Levy@ACME.com,Project Manager
Ray A Young,RAY0882,ACME.com,Ray.A.Young@ACME.com,Technician
Mohammad S Tyler,MST0883,ACME.com,Mohammad.S.Tyler@ACME.com,Foreman
Tad X Roy,TXR0884,ACME.com,Tad.X.Roy@ACME.com,Administrative Assistant
McKenzie V Logan,MVL0885,ACME.com,McKenzie.V.Logan@ACME.com,Administrative Staff
Malik E Vazquez,MEV0886,ACME.com,Malik.E.Vazquez@ACME.com,Technician
Diana S Bryant,DSB0887,ACME.com,Diana.S.Bryant@ACME.com,Tradesman
Evan J Benjamin,EJB0888,ACME.com,Evan.J.Benjamin@ACME.com,Senior Manger
Zelda A Ball,ZAB0889,ACME.com,Zelda.A.Ball@ACME.com,Security
Price M Gilliam,PMG0890,ACME.com,Price.M.Gilliam@ACME.com,Engineer
Harding N Rose,HNR0891,ACME.com,Harding.N.Rose@ACME.com,Administrative Staff
Marah J Foley,MJF0892,ACME.com,Marah.J.Foley@ACME.com,Tradesman
Nicholas D Mcintyre,NDM0893,ACME.com,Nicholas.D.Mcintyre@ACME.com,Administrative Assistant
Walter W Cantrell,WWC0894,ACME.com,Walter.W.Cantrell@ACME.com,Foreman
Sybill X Horton,SXH0895,ACME.com,Sybill.X.Horton@ACME.com,Technician
Pamela D Sellers,PDS0896,ACME.com,Pamela.D.Sellers@ACME.com,Technician
Adele M Sloan,AMS0897,ACME.com,Adele.M.Sloan@ACME.com,Technician
Nola N Shields,NNS0898,ACME.com,Nola.N.Shields@ACME.com,Tradesman
Brielle C Mays,BCM0899,ACME.com,Brielle.C.Mays@ACME.com,Senior Manger
Claire M Massey,CMM0900,ACME.com,Claire.M.Massey@ACME.com,Engineer
Nita I Cooper,NIC0901,ACME.com,Nita.I.Cooper@ACME.com,Technician
Joshua R Mcclain,JRM0902,ACME.com,Joshua.R.Mcclain@ACME.com,Technician
Daria B Fletcher,DBF0903,ACME.com,Daria.B.Fletcher@ACME.com,Tradesman
Ivan K Hatfield,IKH0904,ACME.com,Ivan.K.Hatfield@ACME.com,Engineer
Alma E Greene,AEG0905,ACME.com,Alma.E.Greene@ACME.com,Engineer
Jane M Rose,JMR0906,ACME.com,Jane.M.Rose@ACME.com,Administrative Staff
Seth J Hardy,SJH0907,ACME.com,Seth.J.Hardy@ACME.com,Technician
Burke R Barber,BRB0908,ACME.com,Burke.R.Barber@ACME.com,Foreman
William F Harris,WFH0909,ACME.com,William.F.Harris@ACME.com,Foreman
Nasim S Phillips,NSP0910,ACME.com,Nasim.S.Phillips@ACME.com,Administrative Staff
Blair F Vasquez,BFV0911,ACME.com,Blair.F.Vasquez@ACME.com,Engineer
Boris C Henry,BCH0912,ACME.com,Boris.C.Henry@ACME.com,Engineer
Sybil M Ware,SMW0913,ACME.com,Sybil.M.Ware@ACME.com,Administrative Staff
Mariam I Casey,MIC0914,ACME.com,Mariam.I.Casey@ACME.com,Tradesman
Dennis D Davenport,DDD0915,ACME.com,Dennis.D.Davenport@ACME.com,Technician
Denise R Davidson,DRD0916,ACME.com,Denise.R.Davidson@ACME.com,VP
Andrew J Spencer,AJS0917,ACME.com,Andrew.J.Spencer@ACME.com,Senior Manger
Aiko F Newton,AFN0918,ACME.com,Aiko.F.Newton@ACME.com,Technician
Gannon K Cantrell,GKC0919,ACME.com,Gannon.K.Cantrell@ACME.com,Foreman
Kennedy Y Hill,KYH0920,ACME.com,Kennedy.Y.Hill@ACME.com,Foreman
Candice A Hunter,CAH0921,ACME.com,Candice.A.Hunter@ACME.com,Administrative Staff
Yoshio C Dawson,YCD0922,ACME.com,Yoshio.C.Dawson@ACME.com,Technician
Tyrone E Rhodes,TER0923,ACME.com,Tyrone.E.Rhodes@ACME.com,Technician
Addison A Kirk,AAK0924,ACME.com,Addison.A.Kirk@ACME.com,Engineer
Neville Q Clayton,NQC0925,ACME.com,Neville.Q.Clayton@ACME.com,Janitor
Avye H Sellers,AHS0926,ACME.com,Avye.H.Sellers@ACME.com,VP
Kimberly S Patel,KSP0927,ACME.com,Kimberly.S.Patel@ACME.com,Engineer
Knox D Cobb,KDC0928,ACME.com,Knox.D.Cobb@ACME.com,Security
Hayfa I Potts,HIP0929,ACME.com,Hayfa.I.Potts@ACME.com,Tradesman
Jamal L Leonard,JLL0930,ACME.com,Jamal.L.Leonard@ACME.com,Foreman
Fulton H Maldonado,FHM0931,ACME.com,Fulton.H.Maldonado@ACME.com,Janitor
Mariko B Zamora,MBZ0932,ACME.com,Mariko.B.Zamora@ACME.com,Technician
Felicia E Sanchez,FES0933,ACME.com,Felicia.E.Sanchez@ACME.com,Tradesman
Cedric R Jackson,CRJ0934,ACME.com,Cedric.R.Jackson@ACME.com,Foreman
Ramona L Simpson,RLS0935,ACME.com,Ramona.L.Simpson@ACME.com,Administrative Staff
Talon L Vinson,TLV0936,ACME.com,Talon.L.Vinson@ACME.com,Senior Manger
Dieter N Stewart,DNS0937,ACME.com,Dieter.N.Stewart@ACME.com,Tradesman
Raphael I Mccarthy,RIM0938,ACME.com,Raphael.I.Mccarthy@ACME.com,Engineer
Nola A Winters,NAW0939,ACME.com,Nola.A.Winters@ACME.com,Tradesman
Jonathan D Malone,JDM0940,ACME.com,Jonathan.D.Malone@ACME.com,Administrative Staff
Quynn L Walter,QLW0941,ACME.com,Quynn.L.Walter@ACME.com,Administrative Staff
Lael I Delgado,LID0942,ACME.com,Lael.I.Delgado@ACME.com,Of Council
Basil M Kinney,BMK0943,ACME.com,Basil.M.Kinney@ACME.com,Engineer
Lani S Vance,LSV0944,ACME.com,Lani.S.Vance@ACME.com,Technician
Kathleen K Walter,KKW0945,ACME.com,Kathleen.K.Walter@ACME.com,Tradesman
Lance B Duffy,LBD0946,ACME.com,Lance.B.Duffy@ACME.com,Project Manager
McKenzie A Merritt,MAM0947,ACME.com,McKenzie.A.Merritt@ACME.com,Technician
Ashton R Parsons,ARP0948,ACME.com,Ashton.R.Parsons@ACME.com,Security
Germaine M Strickland,GMS0949,ACME.com,Germaine.M.Strickland@ACME.com,Tradesman
Clinton N Short,CNS0950,ACME.com,Clinton.N.Short@ACME.com,Foreman
Chelsea A Osborn,CAO0951,ACME.com,Chelsea.A.Osborn@ACME.com,Technician
Len A Morse,LAM0952,ACME.com,Len.A.Morse@ACME.com,Senior Manger
Solomon H Torres,SHT0953,ACME.com,Solomon.H.Torres@ACME.com,Administrative Assistant
Suki A Michael,SAM0954,ACME.com,Suki.A.Michael@ACME.com,Administrative Staff
Jenette M Rutledge,JMR0955,ACME.com,Jenette.M.Rutledge@ACME.com,Administrative Staff
Maisie N Burton,MNB0956,ACME.com,Maisie.N.Burton@ACME.com,Technician
Price T Holder,PTH0957,ACME.com,Price.T.Holder@ACME.com,Administrative Staff
Hedy P French,HPF0958,ACME.com,Hedy.P.French@ACME.com,Senior Manger
Carlos P Moore,CPM0959,ACME.com,Carlos.P.Moore@ACME.com,Foreman
Kimberley T Marks,KTM0960,ACME.com,Kimberley.T.Marks@ACME.com,Tradesman
Lois D Bradshaw,LDB0961,ACME.com,Lois.D.Bradshaw@ACME.com,Project Manager
Raja E Sutton,RES0962,ACME.com,Raja.E.Sutton@ACME.com,Senior Manger
Allistair B Harper,ABH0963,ACME.com,Allistair.B.Harper@ACME.com,Administrative Assistant
Uriah B Hunter,UBH0964,ACME.com,Uriah.B.Hunter@ACME.com,Engineer
Ian M Wilson,IMW0965,ACME.com,Ian.M.Wilson@ACME.com,Engineer
Rachel L Savage,RLS0966,ACME.com,Rachel.L.Savage@ACME.com,Tradesman
Yuri C Burnett,YCB0967,ACME.com,Yuri.C.Burnett@ACME.com,Tradesman
Russell A Hunt,RAH0968,ACME.com,Russell.A.Hunt@ACME.com,Engineer
April K Meadows,AKM0969,ACME.com,April.K.Meadows@ACME.com,Technician
William A Blackburn,WAB0970,ACME.com,William.A.Blackburn@ACME.com,Administrative Assistant
Xavier K Rich,XKR0971,ACME.com,Xavier.K.Rich@ACME.com,Security
Emi O Stone,EOS0972,ACME.com,Emi.O.Stone@ACME.com,Administrative Staff
Benedict T Williamson,BTW0973,ACME.com,Benedict.T.Williamson@ACME.com,Tradesman
Buffy F Osborn,BFO0974,ACME.com,Buffy.F.Osborn@ACME.com,Project Manager
Cooper A Montoya,CAM0975,ACME.com,Cooper.A.Montoya@ACME.com,Foreman
Courtney A Wright,CAW0976,ACME.com,Courtney.A.Wright@ACME.com,Tradesman
Avye R Richard,ARR0977,ACME.com,Avye.R.Richard@ACME.com,Administrative Staff
Ann J Sykes,AJS0978,ACME.com,Ann.J.Sykes@ACME.com,Engineer
Todd R Todd,TRT0979,ACME.com,Todd.R.Todd@ACME.com,Engineer
Zahir B Hale,ZBH0980,ACME.com,Zahir.B.Hale@ACME.com,Administrative Assistant
Hamilton S Holden,HSH0981,ACME.com,Hamilton.S.Holden@ACME.com,Administrative Staff
Paki R Riddle,PRR0982,ACME.com,Paki.R.Riddle@ACME.com,Foreman
Kyle B Bond,KBB0983,ACME.com,Kyle.B.Bond@ACME.com,Engineer
Orla L Reed,OLR0984,ACME.com,Orla.L.Reed@ACME.com,Technician
MacKensie C Farmer,MCF0985,ACME.com,MacKensie.C.Farmer@ACME.com,Engineer
Dana O Odom,DOO0986,ACME.com,Dana.O.Odom@ACME.com,Tradesman
Knox C Hughes,KCH0987,ACME.com,Knox.C.Hughes@ACME.com,Foreman
Marah H Morrow,MHM0988,ACME.com,Marah.H.Morrow@ACME.com,Tradesman
Jonathan T Travis,JTT0989,ACME.com,Jonathan.T.Travis@ACME.com,IT Admin
Dillon S Medina,DSM0990,ACME.com,Dillon.S.Medina@ACME.com,IT Admin
Isaiah R Chen,IRC0991,ACME.com,Isaiah.R.Chen@ACME.com,IT Admin
Brock J Morrison,BJM0992,ACME.com,Brock.J.Morrison@ACME.com,IT Admin
Aurora R Savage,ARS0993,ACME.com,Aurora.R.Savage@ACME.com,IT Admin
Carson G Mckenzie,CGM0994,ACME.com,Carson.G.Mckenzie@ACME.com,IT Admin
Colt L Ballard,CLB0995,ACME.com,Colt.L.Ballard@ACME.com,IT Admin
Cedric R Carson,CRC0996,ACME.com,Cedric.R.Carson@ACME.com,IT Admin
Kathleen E Everett,KEE0997,ACME.com,Kathleen.E.Everett@ACME.com,IT Admin
Jermaine C Conrad,JCC0998,ACME.com,Jermaine.C.Conrad@ACME.com,IT Admin
Castor L Nelson,CLN0999,ACME.com,Castor.L.Nelson@ACME.com,IT Admin
Ezekiel L Dickerson,ELD1000,ACME.com,Ezekiel.L.Dickerson@ACME.com,IT Admin
